<?xml version="1.0" encoding="UTF-8" ?>
<!-- generated at Wed Apr 16 09:52:29 CST 2014 -->
<!DOCTYPE mapper
    PUBLIC "-//mybatis.org//DTD Mapper 3.0//EN"
    "http://mybatis.org/dtd/mybatis-3-mapper.dtd">
<mapper namespace="rm.sys.entity.ResRoleModule">
<sql id="fields">
KEYID, MODULEID, ROLEID
</sql>
<resultMap id="rm.sys.entity.ResRoleModuleResultMap" type="rm.sys.entity.ResRoleModule">
<id property="keyid" column="KEYID"/>
</resultMap>
<select id="get" parameterType="long" resultType="rm.sys.entity.ResRoleModule">
select * from RES_ROLE_MODULE where KEYID = #{value}
</select>
<select id="getAll" parameterType="long" resultType="rm.sys.entity.ResRoleModule">
select * from RES_ROLE_MODULE where rownum &lt; 300
<if test="value != null">order by ${value}</if>
</select>
<insert id="insert" parameterType="rm.sys.entity.ResRoleModule">
insert into RES_ROLE_MODULE (<include refid="fields"/>) values(
#{keyid}, #{moduleid}, #{roleid})
</insert>
<update id="update" parameterType="rm.sys.entity.ResRoleModule">
update RES_ROLE_MODULE set
KEYID = #{keyid}, MODULEID = #{moduleid}, ROLEID = #{roleid} where KEYID = #{keyid}
</update>
<delete id="delete" parameterType="list">
delete from RES_ROLE_MODULE where KEYID in
<foreach item="item" index="index" collection="list"
	open="(" separator=", " close=")">#{item}</foreach>
</delete>
</mapper>
