<?xml version="1.0" encoding="UTF-8" ?>
<!-- generated at Wed Apr 16 09:52:29 CST 2014 -->
<!DOCTYPE mapper
    PUBLIC "-//mybatis.org//DTD Mapper 3.0//EN"
    "http://mybatis.org/dtd/mybatis-3-mapper.dtd">
<mapper namespace="rm.sys.entity.TbManagedelement">
<sql id="fields">
ABBREV, ACCESSFOR, ACCESSMODE, ACMSCANPROV, ACMSPROVSTATUS, ADDRESSID, ALIAS, APPLYFOR, AREAID, ASSEMBLECODE, ASSEMBLENAME, BELONGSPECIALITY, CLOCKREFID, CODE, CODE97, COLUMNNO, COMMENTS, COMMISSIONDATE, CREATEDATE, CUSTOMERID, DATASOURCE, DESIGNSTATUS, DEVICELOCATION, DEVICESOURCE, DISPHEIGHT, DISPLENGTH, DISPWIDTH, DN, DSLNODEID, EMSID, EMSIPADDR, EMSNEID, EMSVCI, EMSVPI, ENDWORKDATE, EPONNODEID, FUNCROLE, GATEWAYADDR, GIS_NAME, GISDEVICEID, GISLOCATION, GLOBALINDEX, GROUPCODE, HARDWAREVERSION, HOSTID, ID, INSPECTDATE, INSTALLADDRESS, INSTALLDATE, INTERFACETYPE, IPADDRESS, IPID, ISASIAREMOVE, ISCORRECT, ISDIMENTION, ISERRORCORRECTING, ISFORM, ISFROMPROJECT, ISGATEWAY, ISMIGRATION, ISMONITOR, ISSPECIALNET, ISSRDEVICE, ISTEMPLATE, ISUSERDEVICE, LOCATIONID, LOGICDOMAINID, LONGDISTANCE, LOOPBACKADDR, MACADDR, MANAGEMENTAREAID, MENODEID, METACATEGORY, MIGRATIONSTATUS, MIGRATIONSTATUSDETAIL, MODEL, MODIFYDATE, NAME, NATIVEEMSNAME, NETMASK, NETWDATE, NETWORKLAYER, NETYPEID, NMAREACODE, NMID, NMSPEC, NOTPASSREASON, OFFICENAME, OLDNAME, OLDNAMEINEMS, ORGANIZATIONID, OUTDOORADDRID, PARENTID, PARTYROLEID, PHYSICALSTATUS, PHYSICALSTATUSDETAIL, PROJECTID, PROJECTSERIALNO, PROJECTSTATUS, PROTECTIONSTATUS, RATE, REDUNDANCYSTATUS, RESTYPE, ROLES, ROTATE, ROWNO, SAFETYLEVEL, SERVICESTATUS, SERVICESTATUSDETAIL, SERVICETYPE, SITEID, SNMPREAD, SNMPWRITE, SOFTWAREVERSION, SOFTWAREVERSION1, SOFTWAREVERSION2, SPECIALITY, STARTWORKDATE, SUBNETWORKID, SUBSPECIALITY, TEMPLATEID, TEMPLATENAME, TRANSPORTLEVELLIST, UPLINKMODE, USERLABEL, USESTATUS, VENDORID, VERSION, X, Y
</sql>
<resultMap id="rm.sys.entity.TbManagedelementResultMap" type="rm.sys.entity.TbManagedelement">
<id property="id" column="ID"/>
<result property="gisName" column="GIS_NAME"/>
</resultMap>
<select id="get" parameterType="long" resultType="rm.sys.entity.TbManagedelement">
select * from TB_MANAGEDELEMENT where ID = #{value}
</select>
<select id="getAll" parameterType="long" resultType="rm.sys.entity.TbManagedelement">
select * from TB_MANAGEDELEMENT where rownum &lt; 300
<if test="value != null">order by ${value}</if>
</select>
<insert id="insert" parameterType="rm.sys.entity.TbManagedelement">
insert into TB_MANAGEDELEMENT (<include refid="fields"/>) values(
#{abbrev}, #{accessfor}, #{accessmode}, #{acmscanprov}, #{acmsprovstatus}, #{addressid}, #{alias}, #{applyfor}, #{areaid}, #{assemblecode}, #{assemblename}, #{belongspeciality}, #{clockrefid}, #{code}, #{code97}, #{columnno}, #{comments}, #{commissiondate}, #{createdate}, #{customerid}, #{datasource}, #{designstatus}, #{devicelocation}, #{devicesource}, #{dispheight}, #{displength}, #{dispwidth}, #{dn}, #{dslnodeid}, #{emsid}, #{emsipaddr}, #{emsneid}, #{emsvci}, #{emsvpi}, #{endworkdate}, #{eponnodeid}, #{funcrole}, #{gatewayaddr}, #{gisName}, #{gisdeviceid}, #{gislocation}, #{globalindex}, #{groupcode}, #{hardwareversion}, #{hostid}, #{id}, #{inspectdate}, #{installaddress}, #{installdate}, #{interfacetype}, #{ipaddress}, #{ipid}, #{isasiaremove}, #{iscorrect}, #{isdimention}, #{iserrorcorrecting}, #{isform}, #{isfromproject}, #{isgateway}, #{ismigration}, #{ismonitor}, #{isspecialnet}, #{issrdevice}, #{istemplate}, #{isuserdevice}, #{locationid}, #{logicdomainid}, #{longdistance}, #{loopbackaddr}, #{macaddr}, #{managementareaid}, #{menodeid}, #{metacategory}, #{migrationstatus}, #{migrationstatusdetail}, #{model}, #{modifydate}, #{name}, #{nativeemsname}, #{netmask}, #{netwdate}, #{networklayer}, #{netypeid}, #{nmareacode}, #{nmid}, #{nmspec}, #{notpassreason}, #{officename}, #{oldname}, #{oldnameinems}, #{organizationid}, #{outdooraddrid}, #{parentid}, #{partyroleid}, #{physicalstatus}, #{physicalstatusdetail}, #{projectid}, #{projectserialno}, #{projectstatus}, #{protectionstatus}, #{rate}, #{redundancystatus}, #{restype}, #{roles}, #{rotate}, #{rowno}, #{safetylevel}, #{servicestatus}, #{servicestatusdetail}, #{servicetype}, #{siteid}, #{snmpread}, #{snmpwrite}, #{softwareversion}, #{softwareversion1}, #{softwareversion2}, #{speciality}, #{startworkdate}, #{subnetworkid}, #{subspeciality}, #{templateid}, #{templatename}, #{transportlevellist}, #{uplinkmode}, #{userlabel}, #{usestatus}, #{vendorid}, #{version}, #{x}, #{y})
</insert>
<update id="update" parameterType="rm.sys.entity.TbManagedelement">
update TB_MANAGEDELEMENT set
ABBREV = #{abbrev}, ACCESSFOR = #{accessfor}, ACCESSMODE = #{accessmode}, ACMSCANPROV = #{acmscanprov}, ACMSPROVSTATUS = #{acmsprovstatus}, ADDRESSID = #{addressid}, ALIAS = #{alias}, APPLYFOR = #{applyfor}, AREAID = #{areaid}, ASSEMBLECODE = #{assemblecode}, ASSEMBLENAME = #{assemblename}, BELONGSPECIALITY = #{belongspeciality}, CLOCKREFID = #{clockrefid}, CODE = #{code}, CODE97 = #{code97}, COLUMNNO = #{columnno}, COMMENTS = #{comments}, COMMISSIONDATE = #{commissiondate}, CREATEDATE = #{createdate}, CUSTOMERID = #{customerid}, DATASOURCE = #{datasource}, DESIGNSTATUS = #{designstatus}, DEVICELOCATION = #{devicelocation}, DEVICESOURCE = #{devicesource}, DISPHEIGHT = #{dispheight}, DISPLENGTH = #{displength}, DISPWIDTH = #{dispwidth}, DN = #{dn}, DSLNODEID = #{dslnodeid}, EMSID = #{emsid}, EMSIPADDR = #{emsipaddr}, EMSNEID = #{emsneid}, EMSVCI = #{emsvci}, EMSVPI = #{emsvpi}, ENDWORKDATE = #{endworkdate}, EPONNODEID = #{eponnodeid}, FUNCROLE = #{funcrole}, GATEWAYADDR = #{gatewayaddr}, GIS_NAME = #{gisName}, GISDEVICEID = #{gisdeviceid}, GISLOCATION = #{gislocation}, GLOBALINDEX = #{globalindex}, GROUPCODE = #{groupcode}, HARDWAREVERSION = #{hardwareversion}, HOSTID = #{hostid}, ID = #{id}, INSPECTDATE = #{inspectdate}, INSTALLADDRESS = #{installaddress}, INSTALLDATE = #{installdate}, INTERFACETYPE = #{interfacetype}, IPADDRESS = #{ipaddress}, IPID = #{ipid}, ISASIAREMOVE = #{isasiaremove}, ISCORRECT = #{iscorrect}, ISDIMENTION = #{isdimention}, ISERRORCORRECTING = #{iserrorcorrecting}, ISFORM = #{isform}, ISFROMPROJECT = #{isfromproject}, ISGATEWAY = #{isgateway}, ISMIGRATION = #{ismigration}, ISMONITOR = #{ismonitor}, ISSPECIALNET = #{isspecialnet}, ISSRDEVICE = #{issrdevice}, ISTEMPLATE = #{istemplate}, ISUSERDEVICE = #{isuserdevice}, LOCATIONID = #{locationid}, LOGICDOMAINID = #{logicdomainid}, LONGDISTANCE = #{longdistance}, LOOPBACKADDR = #{loopbackaddr}, MACADDR = #{macaddr}, MANAGEMENTAREAID = #{managementareaid}, MENODEID = #{menodeid}, METACATEGORY = #{metacategory}, MIGRATIONSTATUS = #{migrationstatus}, MIGRATIONSTATUSDETAIL = #{migrationstatusdetail}, MODEL = #{model}, MODIFYDATE = #{modifydate}, NAME = #{name}, NATIVEEMSNAME = #{nativeemsname}, NETMASK = #{netmask}, NETWDATE = #{netwdate}, NETWORKLAYER = #{networklayer}, NETYPEID = #{netypeid}, NMAREACODE = #{nmareacode}, NMID = #{nmid}, NMSPEC = #{nmspec}, NOTPASSREASON = #{notpassreason}, OFFICENAME = #{officename}, OLDNAME = #{oldname}, OLDNAMEINEMS = #{oldnameinems}, ORGANIZATIONID = #{organizationid}, OUTDOORADDRID = #{outdooraddrid}, PARENTID = #{parentid}, PARTYROLEID = #{partyroleid}, PHYSICALSTATUS = #{physicalstatus}, PHYSICALSTATUSDETAIL = #{physicalstatusdetail}, PROJECTID = #{projectid}, PROJECTSERIALNO = #{projectserialno}, PROJECTSTATUS = #{projectstatus}, PROTECTIONSTATUS = #{protectionstatus}, RATE = #{rate}, REDUNDANCYSTATUS = #{redundancystatus}, RESTYPE = #{restype}, ROLES = #{roles}, ROTATE = #{rotate}, ROWNO = #{rowno}, SAFETYLEVEL = #{safetylevel}, SERVICESTATUS = #{servicestatus}, SERVICESTATUSDETAIL = #{servicestatusdetail}, SERVICETYPE = #{servicetype}, SITEID = #{siteid}, SNMPREAD = #{snmpread}, SNMPWRITE = #{snmpwrite}, SOFTWAREVERSION = #{softwareversion}, SOFTWAREVERSION1 = #{softwareversion1}, SOFTWAREVERSION2 = #{softwareversion2}, SPECIALITY = #{speciality}, STARTWORKDATE = #{startworkdate}, SUBNETWORKID = #{subnetworkid}, SUBSPECIALITY = #{subspeciality}, TEMPLATEID = #{templateid}, TEMPLATENAME = #{templatename}, TRANSPORTLEVELLIST = #{transportlevellist}, UPLINKMODE = #{uplinkmode}, USERLABEL = #{userlabel}, USESTATUS = #{usestatus}, VENDORID = #{vendorid}, VERSION = #{version}, X = #{x}, Y = #{y} where ID = #{id}
</update>
<delete id="delete" parameterType="list">
delete from TB_MANAGEDELEMENT where ID in
<foreach item="item" index="index" collection="list"
	open="(" separator=", " close=")">#{item}</foreach>
</delete>
</mapper>
