<?xml version="1.0" encoding="UTF-8" ?>
<!-- generated at Wed Apr 16 09:52:34 CST 2014 -->
<!DOCTYPE mapper
    PUBLIC "-//mybatis.org//DTD Mapper 3.0//EN"
    "http://mybatis.org/dtd/mybatis-3-mapper.dtd">
<mapper namespace="rm.sys.entity.TbPort">
<sql id="fields">
ABPORT, ACCESSTYPE, ALIAS, APPLYTYPE, AREACODE, AREAID, ASSEMBLECODE, ASSEMBLENAME, ASSOCSTATUS, BANDWIDTHID, BRANCHINGRATIO, CAPACITYRANGE, CARDID, CLOCKLEVEL, CODE, CODE97, CODETYPE, COLINDEX, COMMENTS, CONNECTIONTYPE, CONNECTMODULEPOSITION, CONNECTSTATUS, CONTAINEDPORTID, CONTAINERID, CONTROLLERINFO, COVERAGEADDRESS, CREATEDATE, CURRENTTYPE, CUSTOMERNO, CVLAN, CVLANEND, DATESOURCE, DIAMETER, DIMENSIONNO, DIRECTION, DISPHEIGHT, DISPLENGTH, DISPWIDTH, DISTRICTID, DLCI, DN, DUPLEXCOM, DUPLEXMODE, ELECTRICTYPE, FIBERMODE, FREEBANDWIDTH, GISDEVICEID, GISPORTID, GLOBALINDEX, GROUPCODE, HEIGHT, HOSTID, ID, INDICATOR, INTERFACETYPE, IPADDRESS, ISCONNECTTO, ISCORRECT, ISERRORCORRECTING, ISRELAY, ISTEMPLATE, ISTOLL, L3ADDRESS, LAYERRATE, LAYOUT, LENGTH, LINEORTRIB, LOGICALCODE, LOGICALNO, LOGICXPOS, LOGICYPOS, LOGICZPOS, LONGDISTANCE, MACADDRESS, MANAGEMENTAREAID, MAPRULEID, MAXBANDWIDTH, MAXLAYERRATE, MECHNICALTYPE, MEID, METACATEGORY, MIGRATIONSTATUS, MIGRATIONSTATUSDETAIL, MODIFYDATE, MODULENO, MOUNTAINPOSITION, MOUNTINGPOSITION, NAME, NATIVEEMSNAME, NM2TELDATE, NMAREACODE, NMID, NMSPEC, NO, OPPPORTID, OUTDOORADDRID, PARENTID, PHYSICALCODE, PHYSICALSTATUS, PHYSICALSTATUSDETAIL, PHYUSABLE, PORTROLE, PORTSERVICETYPE, PORTTYPEID, PORTUSE, PORTUSERADDR, PREOCCUPIEDENDTIME, PREOCCUPIEDSTARTTIME, PROTECTIONSTATUS, PVLAN, QOSPRI, RESTYPE, ROWINDEX, SEQNBR, SERVICENO, SERVICEOCCUPIEDSTATUS, SERVICESTATUS, SERVICESTATUSDETAIL, SIGNALINGTYPE, SITEID, SLOTNO, SNLOGICALCODE, SUBNENO, SVLAN, SYNCHRONIZEDKEY, TAG, TEMPLATENAME, USED64KFORSIGNAL, USED64KFORTRUNK, USEFOR, USERLABEL, USERSIGNSTATE, VCI, VCIEND, VERSION, VLANIDENTITY, VLANMODE, VPI, WIDTH, XPOS, YPOS, ZPOS
</sql>
<resultMap id="rm.sys.entity.TbPortResultMap" type="rm.sys.entity.TbPort">
<id property="id" column="ID"/>
</resultMap>
<select id="get" parameterType="long" resultType="rm.sys.entity.TbPort">
select * from TB_PORT where ID = #{value}
</select>
<select id="getAll" parameterType="long" resultType="rm.sys.entity.TbPort">
select * from TB_PORT where rownum &lt; 300
<if test="value != null">order by ${value}</if>
</select>
<insert id="insert" parameterType="rm.sys.entity.TbPort">
<selectKey keyProperty="id" resultType="long" order="BEFORE">
select seq_TB_PORT.nextval from dual
</selectKey>
insert into TB_PORT (<include refid="fields"/>) values(
#{abport}, #{accesstype}, #{alias}, #{applytype}, #{areacode}, #{areaid}, #{assemblecode}, #{assemblename}, #{assocstatus}, #{bandwidthid}, #{branchingratio}, #{capacityrange}, #{cardid}, #{clocklevel}, #{code}, #{code97}, #{codetype}, #{colindex}, #{comments}, #{connectiontype}, #{connectmoduleposition}, #{connectstatus}, #{containedportid}, #{containerid}, #{controllerinfo}, #{coverageaddress}, #{createdate}, #{currenttype}, #{customerno}, #{cvlan}, #{cvlanend}, #{datesource}, #{diameter}, #{dimensionno}, #{direction}, #{dispheight}, #{displength}, #{dispwidth}, #{districtid}, #{dlci}, #{dn}, #{duplexcom}, #{duplexmode}, #{electrictype}, #{fibermode}, #{freebandwidth}, #{gisdeviceid}, #{gisportid}, #{globalindex}, #{groupcode}, #{height}, #{hostid}, #{id}, #{indicator}, #{interfacetype}, #{ipaddress}, #{isconnectto}, #{iscorrect}, #{iserrorcorrecting}, #{isrelay}, #{istemplate}, #{istoll}, #{l3address}, #{layerrate}, #{layout}, #{length}, #{lineortrib}, #{logicalcode}, #{logicalno}, #{logicxpos}, #{logicypos}, #{logiczpos}, #{longdistance}, #{macaddress}, #{managementareaid}, #{mapruleid}, #{maxbandwidth}, #{maxlayerrate}, #{mechnicaltype}, #{meid}, #{metacategory}, #{migrationstatus}, #{migrationstatusdetail}, #{modifydate}, #{moduleno}, #{mountainposition}, #{mountingposition}, #{name}, #{nativeemsname}, #{nm2teldate}, #{nmareacode}, #{nmid}, #{nmspec}, #{no}, #{oppportid}, #{outdooraddrid}, #{parentid}, #{physicalcode}, #{physicalstatus}, #{physicalstatusdetail}, #{phyusable}, #{portrole}, #{portservicetype}, #{porttypeid}, #{portuse}, #{portuseraddr}, #{preoccupiedendtime}, #{preoccupiedstarttime}, #{protectionstatus}, #{pvlan}, #{qospri}, #{restype}, #{rowindex}, #{seqnbr}, #{serviceno}, #{serviceoccupiedstatus}, #{servicestatus}, #{servicestatusdetail}, #{signalingtype}, #{siteid}, #{slotno}, #{snlogicalcode}, #{subneno}, #{svlan}, #{synchronizedkey}, #{tag}, #{templatename}, #{used64kforsignal}, #{used64kfortrunk}, #{usefor}, #{userlabel}, #{usersignstate}, #{vci}, #{vciend}, #{version}, #{vlanidentity}, #{vlanmode}, #{vpi}, #{width}, #{xpos}, #{ypos}, #{zpos})
</insert>
<update id="update" parameterType="rm.sys.entity.TbPort">
update TB_PORT set
ABPORT = #{abport}, ACCESSTYPE = #{accesstype}, ALIAS = #{alias}, APPLYTYPE = #{applytype}, AREACODE = #{areacode}, AREAID = #{areaid}, ASSEMBLECODE = #{assemblecode}, ASSEMBLENAME = #{assemblename}, ASSOCSTATUS = #{assocstatus}, BANDWIDTHID = #{bandwidthid}, BRANCHINGRATIO = #{branchingratio}, CAPACITYRANGE = #{capacityrange}, CARDID = #{cardid}, CLOCKLEVEL = #{clocklevel}, CODE = #{code}, CODE97 = #{code97}, CODETYPE = #{codetype}, COLINDEX = #{colindex}, COMMENTS = #{comments}, CONNECTIONTYPE = #{connectiontype}, CONNECTMODULEPOSITION = #{connectmoduleposition}, CONNECTSTATUS = #{connectstatus}, CONTAINEDPORTID = #{containedportid}, CONTAINERID = #{containerid}, CONTROLLERINFO = #{controllerinfo}, COVERAGEADDRESS = #{coverageaddress}, CREATEDATE = #{createdate}, CURRENTTYPE = #{currenttype}, CUSTOMERNO = #{customerno}, CVLAN = #{cvlan}, CVLANEND = #{cvlanend}, DATESOURCE = #{datesource}, DIAMETER = #{diameter}, DIMENSIONNO = #{dimensionno}, DIRECTION = #{direction}, DISPHEIGHT = #{dispheight}, DISPLENGTH = #{displength}, DISPWIDTH = #{dispwidth}, DISTRICTID = #{districtid}, DLCI = #{dlci}, DN = #{dn}, DUPLEXCOM = #{duplexcom}, DUPLEXMODE = #{duplexmode}, ELECTRICTYPE = #{electrictype}, FIBERMODE = #{fibermode}, FREEBANDWIDTH = #{freebandwidth}, GISDEVICEID = #{gisdeviceid}, GISPORTID = #{gisportid}, GLOBALINDEX = #{globalindex}, GROUPCODE = #{groupcode}, HEIGHT = #{height}, HOSTID = #{hostid}, ID = #{id}, INDICATOR = #{indicator}, INTERFACETYPE = #{interfacetype}, IPADDRESS = #{ipaddress}, ISCONNECTTO = #{isconnectto}, ISCORRECT = #{iscorrect}, ISERRORCORRECTING = #{iserrorcorrecting}, ISRELAY = #{isrelay}, ISTEMPLATE = #{istemplate}, ISTOLL = #{istoll}, L3ADDRESS = #{l3address}, LAYERRATE = #{layerrate}, LAYOUT = #{layout}, LENGTH = #{length}, LINEORTRIB = #{lineortrib}, LOGICALCODE = #{logicalcode}, LOGICALNO = #{logicalno}, LOGICXPOS = #{logicxpos}, LOGICYPOS = #{logicypos}, LOGICZPOS = #{logiczpos}, LONGDISTANCE = #{longdistance}, MACADDRESS = #{macaddress}, MANAGEMENTAREAID = #{managementareaid}, MAPRULEID = #{mapruleid}, MAXBANDWIDTH = #{maxbandwidth}, MAXLAYERRATE = #{maxlayerrate}, MECHNICALTYPE = #{mechnicaltype}, MEID = #{meid}, METACATEGORY = #{metacategory}, MIGRATIONSTATUS = #{migrationstatus}, MIGRATIONSTATUSDETAIL = #{migrationstatusdetail}, MODIFYDATE = #{modifydate}, MODULENO = #{moduleno}, MOUNTAINPOSITION = #{mountainposition}, MOUNTINGPOSITION = #{mountingposition}, NAME = #{name}, NATIVEEMSNAME = #{nativeemsname}, NM2TELDATE = #{nm2teldate}, NMAREACODE = #{nmareacode}, NMID = #{nmid}, NMSPEC = #{nmspec}, NO = #{no}, OPPPORTID = #{oppportid}, OUTDOORADDRID = #{outdooraddrid}, PARENTID = #{parentid}, PHYSICALCODE = #{physicalcode}, PHYSICALSTATUS = #{physicalstatus}, PHYSICALSTATUSDETAIL = #{physicalstatusdetail}, PHYUSABLE = #{phyusable}, PORTROLE = #{portrole}, PORTSERVICETYPE = #{portservicetype}, PORTTYPEID = #{porttypeid}, PORTUSE = #{portuse}, PORTUSERADDR = #{portuseraddr}, PREOCCUPIEDENDTIME = #{preoccupiedendtime}, PREOCCUPIEDSTARTTIME = #{preoccupiedstarttime}, PROTECTIONSTATUS = #{protectionstatus}, PVLAN = #{pvlan}, QOSPRI = #{qospri}, RESTYPE = #{restype}, ROWINDEX = #{rowindex}, SEQNBR = #{seqnbr}, SERVICENO = #{serviceno}, SERVICEOCCUPIEDSTATUS = #{serviceoccupiedstatus}, SERVICESTATUS = #{servicestatus}, SERVICESTATUSDETAIL = #{servicestatusdetail}, SIGNALINGTYPE = #{signalingtype}, SITEID = #{siteid}, SLOTNO = #{slotno}, SNLOGICALCODE = #{snlogicalcode}, SUBNENO = #{subneno}, SVLAN = #{svlan}, SYNCHRONIZEDKEY = #{synchronizedkey}, TAG = #{tag}, TEMPLATENAME = #{templatename}, USED64KFORSIGNAL = #{used64kforsignal}, USED64KFORTRUNK = #{used64kfortrunk}, USEFOR = #{usefor}, USERLABEL = #{userlabel}, USERSIGNSTATE = #{usersignstate}, VCI = #{vci}, VCIEND = #{vciend}, VERSION = #{version}, VLANIDENTITY = #{vlanidentity}, VLANMODE = #{vlanmode}, VPI = #{vpi}, WIDTH = #{width}, XPOS = #{xpos}, YPOS = #{ypos}, ZPOS = #{zpos} where ID = #{id}
</update>
<delete id="delete" parameterType="list">
delete from TB_PORT where ID in
<foreach item="item" index="index" collection="list"
	open="(" separator=", " close=")">#{item}</foreach>
</delete>
</mapper>
