<?xml version="1.0" encoding="UTF-8" ?>
<!-- generated at Wed Apr 16 09:52:33 CST 2014 -->
<!DOCTYPE mapper
    PUBLIC "-//mybatis.org//DTD Mapper 3.0//EN"
    "http://mybatis.org/dtd/mybatis-3-mapper.dtd">
<mapper namespace="rm.sys.entity.SysActionInst">
<sql id="fields">
ACTINSTNAME, CALLTYPE, CONFIGINFO, FUNCTIONID, FURL, ID, MENUCLASS, REMARK, WJC_FLAG
</sql>
<resultMap id="rm.sys.entity.SysActionInstResultMap" type="rm.sys.entity.SysActionInst">
<id property="id" column="ID"/>
<result property="wjcFlag" column="WJC_FLAG"/>
</resultMap>
<select id="get" parameterType="long" resultType="rm.sys.entity.SysActionInst">
select * from SYS_ACTION_INST where ID = #{value}
</select>
<select id="getAll" parameterType="long" resultType="rm.sys.entity.SysActionInst">
select * from SYS_ACTION_INST where rownum &lt; 300
<if test="value != null">order by ${value}</if>
</select>
<insert id="insert" parameterType="rm.sys.entity.SysActionInst">
insert into SYS_ACTION_INST (<include refid="fields"/>) values(
#{actinstname}, #{calltype}, #{configinfo}, #{functionid}, #{furl}, #{id}, #{menuclass}, #{remark}, #{wjcFlag})
</insert>
<update id="update" parameterType="rm.sys.entity.SysActionInst">
update SYS_ACTION_INST set
ACTINSTNAME = #{actinstname}, CALLTYPE = #{calltype}, CONFIGINFO = #{configinfo}, FUNCTIONID = #{functionid}, FURL = #{furl}, ID = #{id}, MENUCLASS = #{menuclass}, REMARK = #{remark}, WJC_FLAG = #{wjcFlag} where ID = #{id}
</update>
<delete id="delete" parameterType="list">
delete from SYS_ACTION_INST where ID in
<foreach item="item" index="index" collection="list"
	open="(" separator=", " close=")">#{item}</foreach>
</delete>
</mapper>
