<?xml version="1.0" encoding="UTF-8" ?>
<!-- generated at Wed Apr 16 09:52:30 CST 2014 -->
<!DOCTYPE mapper
    PUBLIC "-//mybatis.org//DTD Mapper 3.0//EN"
    "http://mybatis.org/dtd/mybatis-3-mapper.dtd">
<mapper namespace="rm.sys.entity.SysAction">
<sql id="fields">
ACTION_TYPE, ACTIONCODE, ACTIONNAME, ID, PARENTID, RUN_TYPE, WJC_FLAG
</sql>
<resultMap id="rm.sys.entity.SysActionResultMap" type="rm.sys.entity.SysAction">
<id property="id" column="ID"/>
<result property="actionType" column="ACTION_TYPE"/>
<result property="runType" column="RUN_TYPE"/>
<result property="wjcFlag" column="WJC_FLAG"/>
</resultMap>
<select id="get" parameterType="long" resultType="rm.sys.entity.SysAction">
select * from SYS_ACTION where ID = #{value}
</select>
<select id="getAll" parameterType="long" resultType="rm.sys.entity.SysAction">
select * from SYS_ACTION where rownum &lt; 300
<if test="value != null">order by ${value}</if>
</select>
<insert id="insert" parameterType="rm.sys.entity.SysAction">
insert into SYS_ACTION (<include refid="fields"/>) values(
#{actionType}, #{actioncode}, #{actionname}, #{id}, #{parentid}, #{runType}, #{wjcFlag})
</insert>
<update id="update" parameterType="rm.sys.entity.SysAction">
update SYS_ACTION set
ACTION_TYPE = #{actionType}, ACTIONCODE = #{actioncode}, ACTIONNAME = #{actionname}, ID = #{id}, PARENTID = #{parentid}, RUN_TYPE = #{runType}, WJC_FLAG = #{wjcFlag} where ID = #{id}
</update>
<delete id="delete" parameterType="list">
delete from SYS_ACTION where ID in
<foreach item="item" index="index" collection="list"
	open="(" separator=", " close=")">#{item}</foreach>
</delete>
</mapper>
