<?xml version="1.0" encoding="UTF-8" ?>
<!-- generated at Wed Apr 16 09:52:34 CST 2014 -->
<!DOCTYPE mapper
    PUBLIC "-//mybatis.org//DTD Mapper 3.0//EN"
    "http://mybatis.org/dtd/mybatis-3-mapper.dtd">
<mapper namespace="rm.sys.entity.SysStatus">
<sql id="fields">
CODE, CODE_EX, DESCRIBE, FIELDNAME, ID, IFLAG, MDCODE, TABLENAME, TYPETABLENAME
</sql>
<resultMap id="rm.sys.entity.SysStatusResultMap" type="rm.sys.entity.SysStatus">
<id property="id" column="ID"/>
<result property="codeEx" column="CODE_EX"/>
</resultMap>
<select id="get" parameterType="long" resultType="rm.sys.entity.SysStatus">
select * from SYS_STATUS where ID = #{value}
</select>
<select id="getAll" parameterType="long" resultType="rm.sys.entity.SysStatus">
select * from SYS_STATUS where rownum &lt; 300
<if test="value != null">order by ${value}</if>
</select>
<insert id="insert" parameterType="rm.sys.entity.SysStatus">
<selectKey keyProperty="id" resultType="long" order="BEFORE">
select seq_SYS_STATUS.nextval from dual
</selectKey>
insert into SYS_STATUS (<include refid="fields"/>) values(
#{code}, #{codeEx}, #{describe}, #{fieldname}, #{id}, #{iflag}, #{mdcode}, #{tablename}, #{typetablename})
</insert>
<update id="update" parameterType="rm.sys.entity.SysStatus">
update SYS_STATUS set
CODE = #{code}, CODE_EX = #{codeEx}, DESCRIBE = #{describe}, FIELDNAME = #{fieldname}, ID = #{id}, IFLAG = #{iflag}, MDCODE = #{mdcode}, TABLENAME = #{tablename}, TYPETABLENAME = #{typetablename} where ID = #{id}
</update>
<delete id="delete" parameterType="list">
delete from SYS_STATUS where ID in
<foreach item="item" index="index" collection="list"
	open="(" separator=", " close=")">#{item}</foreach>
</delete>
</mapper>
