<?xml version="1.0" encoding="UTF-8" ?>
<!-- generated at Wed Apr 16 09:52:32 CST 2014 -->
<!DOCTYPE mapper
    PUBLIC "-//mybatis.org//DTD Mapper 3.0//EN"
    "http://mybatis.org/dtd/mybatis-3-mapper.dtd">
<mapper namespace="rm.sys.entity.SysMgttemplatefrmelement">
<sql id="fields">
COLSPAN, CONTROLID, DISPNAME, EDITTYPE, ID, ISREADONLY, ISSHOWLABEL, MGTTEMPLATEFRMGRPID, NAME, ROWSPAN, SEQNO, UNIFLAG, WJC_FLAG
</sql>
<resultMap id="rm.sys.entity.SysMgttemplatefrmelementResultMap" type="rm.sys.entity.SysMgttemplatefrmelement">
<id property="id" column="ID"/>
<result property="wjcFlag" column="WJC_FLAG"/>
</resultMap>
<select id="get" parameterType="long" resultType="rm.sys.entity.SysMgttemplatefrmelement">
select * from SYS_MGTTEMPLATEFRMELEMENT where ID = #{value}
</select>
<select id="getAll" parameterType="long" resultType="rm.sys.entity.SysMgttemplatefrmelement">
select * from SYS_MGTTEMPLATEFRMELEMENT where rownum &lt; 300
<if test="value != null">order by ${value}</if>
</select>
<insert id="insert" parameterType="rm.sys.entity.SysMgttemplatefrmelement">
insert into SYS_MGTTEMPLATEFRMELEMENT (<include refid="fields"/>) values(
#{colspan}, #{controlid}, #{dispname}, #{edittype}, #{id}, #{isreadonly}, #{isshowlabel}, #{mgttemplatefrmgrpid}, #{name}, #{rowspan}, #{seqno}, #{uniflag}, #{wjcFlag})
</insert>
<update id="update" parameterType="rm.sys.entity.SysMgttemplatefrmelement">
update SYS_MGTTEMPLATEFRMELEMENT set
COLSPAN = #{colspan}, CONTROLID = #{controlid}, DISPNAME = #{dispname}, EDITTYPE = #{edittype}, ID = #{id}, ISREADONLY = #{isreadonly}, ISSHOWLABEL = #{isshowlabel}, MGTTEMPLATEFRMGRPID = #{mgttemplatefrmgrpid}, NAME = #{name}, ROWSPAN = #{rowspan}, SEQNO = #{seqno}, UNIFLAG = #{uniflag}, WJC_FLAG = #{wjcFlag} where ID = #{id}
</update>
<delete id="delete" parameterType="list">
delete from SYS_MGTTEMPLATEFRMELEMENT where ID in
<foreach item="item" index="index" collection="list"
	open="(" separator=", " close=")">#{item}</foreach>
</delete>
</mapper>
