<?xml version="1.0" encoding="UTF-8" ?>
<!-- generated at Wed Apr 16 09:52:33 CST 2014 -->
<!DOCTYPE mapper
    PUBLIC "-//mybatis.org//DTD Mapper 3.0//EN"
    "http://mybatis.org/dtd/mybatis-3-mapper.dtd">
<mapper namespace="rm.sys.entity.TsTextroute">
<sql id="fields">
BACKUPDNROUTEID, CONVERTPATHID, ENTITYID, ISBACKUPFORPROVISION, ISSYNCHRONIZED, LOCALNAME, MAINTAINERID, ORDERTICKETNO, POSITION, SERVICEID, SERVICENO, SPECIALNO, SPSBACKUPTEXTROUTE, SPSTEXTROUTE, SYNCHRONIZEDKEY, TABLEROUTE, TABLEROUTECLOB, TEXTROUTE, TEXTROUTECLOB, TEXTROUTETYPE, TEXTVIEW, USERID, USERROUTE, ZNODENAME
</sql>
<resultMap id="rm.sys.entity.TsTextrouteResultMap" type="rm.sys.entity.TsTextroute">
<id property="entityid" column="ENTITYID"/>
</resultMap>
<select id="get" parameterType="long" resultType="rm.sys.entity.TsTextroute">
select * from TS_TEXTROUTE where ENTITYID = #{value}
</select>
<select id="getAll" parameterType="long" resultType="rm.sys.entity.TsTextroute">
select * from TS_TEXTROUTE where rownum &lt; 300
<if test="value != null">order by ${value}</if>
</select>
<insert id="insert" parameterType="rm.sys.entity.TsTextroute">
<selectKey keyProperty="entityid" resultType="long" order="BEFORE">
select seq_TS_TEXTROUTE.nextval from dual
</selectKey>
insert into TS_TEXTROUTE (<include refid="fields"/>) values(
#{backupdnrouteid}, #{convertpathid}, #{entityid}, #{isbackupforprovision}, #{issynchronized}, #{localname}, #{maintainerid}, #{orderticketno}, #{position}, #{serviceid}, #{serviceno}, #{specialno}, #{spsbackuptextroute}, #{spstextroute}, #{synchronizedkey}, #{tableroute}, #{tablerouteclob}, #{textroute}, #{textrouteclob}, #{textroutetype}, #{textview}, #{userid}, #{userroute}, #{znodename})
</insert>
<update id="update" parameterType="rm.sys.entity.TsTextroute">
update TS_TEXTROUTE set
BACKUPDNROUTEID = #{backupdnrouteid}, CONVERTPATHID = #{convertpathid}, ENTITYID = #{entityid}, ISBACKUPFORPROVISION = #{isbackupforprovision}, ISSYNCHRONIZED = #{issynchronized}, LOCALNAME = #{localname}, MAINTAINERID = #{maintainerid}, ORDERTICKETNO = #{orderticketno}, POSITION = #{position}, SERVICEID = #{serviceid}, SERVICENO = #{serviceno}, SPECIALNO = #{specialno}, SPSBACKUPTEXTROUTE = #{spsbackuptextroute}, SPSTEXTROUTE = #{spstextroute}, SYNCHRONIZEDKEY = #{synchronizedkey}, TABLEROUTE = #{tableroute}, TABLEROUTECLOB = #{tablerouteclob}, TEXTROUTE = #{textroute}, TEXTROUTECLOB = #{textrouteclob}, TEXTROUTETYPE = #{textroutetype}, TEXTVIEW = #{textview}, USERID = #{userid}, USERROUTE = #{userroute}, ZNODENAME = #{znodename} where ENTITYID = #{entityid}
</update>
<delete id="delete" parameterType="list">
delete from TS_TEXTROUTE where ENTITYID in
<foreach item="item" index="index" collection="list"
	open="(" separator=", " close=")">#{item}</foreach>
</delete>
</mapper>
