<?xml version="1.0" encoding="UTF-8" ?>
<!-- generated at Wed Apr 16 09:52:36 CST 2014 -->
<!DOCTYPE mapper
    PUBLIC "-//mybatis.org//DTD Mapper 3.0//EN"
    "http://mybatis.org/dtd/mybatis-3-mapper.dtd">
<mapper namespace="rm.sys.pip.entity.PipNail">
<sql id="fields">
ADDRESS, CHECKPOINT, CHILDASSCARD, CJDATE, CJMAN, CJUNIT, EDITOR, ENTITYID, FACID, FACSTATUS, HEIGTH, NAILCODE, NAILMARKTYPE, NAILTYPE, PARENTASSCARD, PROJECTID, PROUTEID, RECDATE, RECORDER, REGIONID, REMARK, SEALEVEL, STATIONID, X, Y, Z
</sql>
<resultMap id="rm.sys.pip.entity.PipNailResultMap" type="rm.sys.pip.entity.PipNail">
<id property="facid" column="FACID"/>
</resultMap>
<select id="get" parameterType="long" resultType="rm.sys.pip.entity.PipNail">
select * from PIP_NAIL where FACID = #{value}
</select>
<select id="getAll" parameterType="long" resultType="rm.sys.pip.entity.PipNail">
select * from PIP_NAIL where rownum &lt; 300
<if test="value != null">order by ${value}</if>
</select>
<insert id="insert" parameterType="rm.sys.pip.entity.PipNail">
insert into PIP_NAIL (<include refid="fields"/>) values(
#{address}, #{checkpoint}, #{childasscard}, #{cjdate}, #{cjman}, #{cjunit}, #{editor}, #{entityid}, #{facid}, #{facstatus}, #{heigth}, #{nailcode}, #{nailmarktype}, #{nailtype}, #{parentasscard}, #{projectid}, #{prouteid}, #{recdate}, #{recorder}, #{regionid}, #{remark}, #{sealevel}, #{stationid}, #{x}, #{y}, #{z})
</insert>
<update id="update" parameterType="rm.sys.pip.entity.PipNail">
update PIP_NAIL set
ADDRESS = #{address}, CHECKPOINT = #{checkpoint}, CHILDASSCARD = #{childasscard}, CJDATE = #{cjdate}, CJMAN = #{cjman}, CJUNIT = #{cjunit}, EDITOR = #{editor}, ENTITYID = #{entityid}, FACID = #{facid}, FACSTATUS = #{facstatus}, HEIGTH = #{heigth}, NAILCODE = #{nailcode}, NAILMARKTYPE = #{nailmarktype}, NAILTYPE = #{nailtype}, PARENTASSCARD = #{parentasscard}, PROJECTID = #{projectid}, PROUTEID = #{prouteid}, RECDATE = #{recdate}, RECORDER = #{recorder}, REGIONID = #{regionid}, REMARK = #{remark}, SEALEVEL = #{sealevel}, STATIONID = #{stationid}, X = #{x}, Y = #{y}, Z = #{z} where FACID = #{facid}
</update>
<delete id="delete" parameterType="list">
delete from PIP_NAIL where FACID in
<foreach item="item" index="index" collection="list"
	open="(" separator=", " close=")">#{item}</foreach>
</delete>
</mapper>
