<?xml version="1.0" encoding="UTF-8" ?>
<!-- generated at Wed Apr 16 09:52:33 CST 2014 -->
<!DOCTYPE mapper
    PUBLIC "-//mybatis.org//DTD Mapper 3.0//EN"
    "http://mybatis.org/dtd/mybatis-3-mapper.dtd">
<mapper namespace="rm.sys.entity.TbLinkgraphtoolbarconstraint">
<sql id="fields">
BUTTONTYPE, ICONDIR, ID, LINKMETACATEGORY, MGTTEMPLATEID, NMAREACODE, QUERYURL, RESTYPE, TOOLTIPTEXT
</sql>
<resultMap id="rm.sys.entity.TbLinkgraphtoolbarconstraintResultMap" type="rm.sys.entity.TbLinkgraphtoolbarconstraint">
<id property="id" column="ID"/>
</resultMap>
<select id="get" parameterType="long" resultType="rm.sys.entity.TbLinkgraphtoolbarconstraint">
select * from TB_LINKGRAPHTOOLBARCONSTRAINT where ID = #{value}
</select>
<select id="getAll" parameterType="long" resultType="rm.sys.entity.TbLinkgraphtoolbarconstraint">
select * from TB_LINKGRAPHTOOLBARCONSTRAINT where rownum &lt; 300
<if test="value != null">order by ${value}</if>
</select>
<insert id="insert" parameterType="rm.sys.entity.TbLinkgraphtoolbarconstraint">
<selectKey keyProperty="id" resultType="long" order="BEFORE">
select seq_TB_LINKGRAPHTOOLBARCONSTRAINT.nextval from dual
</selectKey>
insert into TB_LINKGRAPHTOOLBARCONSTRAINT (<include refid="fields"/>) values(
#{buttontype}, #{icondir}, #{id}, #{linkmetacategory}, #{mgttemplateid}, #{nmareacode}, #{queryurl}, #{restype}, #{tooltiptext})
</insert>
<update id="update" parameterType="rm.sys.entity.TbLinkgraphtoolbarconstraint">
update TB_LINKGRAPHTOOLBARCONSTRAINT set
BUTTONTYPE = #{buttontype}, ICONDIR = #{icondir}, ID = #{id}, LINKMETACATEGORY = #{linkmetacategory}, MGTTEMPLATEID = #{mgttemplateid}, NMAREACODE = #{nmareacode}, QUERYURL = #{queryurl}, RESTYPE = #{restype}, TOOLTIPTEXT = #{tooltiptext} where ID = #{id}
</update>
<delete id="delete" parameterType="list">
delete from TB_LINKGRAPHTOOLBARCONSTRAINT where ID in
<foreach item="item" index="index" collection="list"
	open="(" separator=", " close=")">#{item}</foreach>
</delete>
</mapper>
