<?xml version="1.0" encoding="UTF-8" ?>
<!-- generated at Wed Apr 16 09:52:35 CST 2014 -->
<!DOCTYPE mapper
    PUBLIC "-//mybatis.org//DTD Mapper 3.0//EN"
    "http://mybatis.org/dtd/mybatis-3-mapper.dtd">
<mapper namespace="rm.sys.entity.SysDbprivsCube">
<sql id="fields">
CMP_TREELV, CODECOL, CUBECODE, CUR_TREELV, ID, IDCOL, ISUSE, MAX_TREELV, NAMECOL, PARENTCOL, PRECODE, PRENAME, REMARK, TABCNAME, TABID, TABNAME
</sql>
<resultMap id="rm.sys.entity.SysDbprivsCubeResultMap" type="rm.sys.entity.SysDbprivsCube">
<id property="id" column="ID"/>
<result property="cmpTreelv" column="CMP_TREELV"/>
<result property="curTreelv" column="CUR_TREELV"/>
<result property="maxTreelv" column="MAX_TREELV"/>
</resultMap>
<select id="get" parameterType="long" resultType="rm.sys.entity.SysDbprivsCube">
select * from SYS_DBPRIVS_CUBE where ID = #{value}
</select>
<select id="getAll" parameterType="long" resultType="rm.sys.entity.SysDbprivsCube">
select * from SYS_DBPRIVS_CUBE where rownum &lt; 300
<if test="value != null">order by ${value}</if>
</select>
<insert id="insert" parameterType="rm.sys.entity.SysDbprivsCube">
insert into SYS_DBPRIVS_CUBE (<include refid="fields"/>) values(
#{cmpTreelv}, #{codecol}, #{cubecode}, #{curTreelv}, #{id}, #{idcol}, #{isuse}, #{maxTreelv}, #{namecol}, #{parentcol}, #{precode}, #{prename}, #{remark}, #{tabcname}, #{tabid}, #{tabname})
</insert>
<update id="update" parameterType="rm.sys.entity.SysDbprivsCube">
update SYS_DBPRIVS_CUBE set
CMP_TREELV = #{cmpTreelv}, CODECOL = #{codecol}, CUBECODE = #{cubecode}, CUR_TREELV = #{curTreelv}, ID = #{id}, IDCOL = #{idcol}, ISUSE = #{isuse}, MAX_TREELV = #{maxTreelv}, NAMECOL = #{namecol}, PARENTCOL = #{parentcol}, PRECODE = #{precode}, PRENAME = #{prename}, REMARK = #{remark}, TABCNAME = #{tabcname}, TABID = #{tabid}, TABNAME = #{tabname} where ID = #{id}
</update>
<delete id="delete" parameterType="list">
delete from SYS_DBPRIVS_CUBE where ID in
<foreach item="item" index="index" collection="list"
	open="(" separator=", " close=")">#{item}</foreach>
</delete>
</mapper>
