<?xml version="1.0" encoding="UTF-8" ?>
<!-- generated at Wed Apr 16 09:52:36 CST 2014 -->
<!DOCTYPE mapper
    PUBLIC "-//mybatis.org//DTD Mapper 3.0//EN"
    "http://mybatis.org/dtd/mybatis-3-mapper.dtd">
<mapper namespace="rm.sys.pip.entity.PipPipedoor">
<sql id="fields">
ADDRESS, ANGLE, ASSETNO, CABLEROOMID, CHECKPOINT, CHILDASSCARD, CJDATE, CJMAN, CJUNIT, DOORMAT, DUTYMAN, EDITOR, ENTITYID, FACCODE, FACID, FACSTATUS, FINISHDATE, HOLENUM, MAINTAIN, MODEL, PARENTASSCARD, PROJECTID, PROPERTYRIGHT, RECDATE, RECORDER, REGIONID, REMARK, SEALEVEL, STATIONID, X, Y, Z
</sql>
<resultMap id="rm.sys.pip.entity.PipPipedoorResultMap" type="rm.sys.pip.entity.PipPipedoor">
<id property="facid" column="FACID"/>
</resultMap>
<select id="get" parameterType="long" resultType="rm.sys.pip.entity.PipPipedoor">
select * from PIP_PIPEDOOR where FACID = #{value}
</select>
<select id="getAll" parameterType="long" resultType="rm.sys.pip.entity.PipPipedoor">
select * from PIP_PIPEDOOR where rownum &lt; 300
<if test="value != null">order by ${value}</if>
</select>
<insert id="insert" parameterType="rm.sys.pip.entity.PipPipedoor">
insert into PIP_PIPEDOOR (<include refid="fields"/>) values(
#{address}, #{angle}, #{assetno}, #{cableroomid}, #{checkpoint}, #{childasscard}, #{cjdate}, #{cjman}, #{cjunit}, #{doormat}, #{dutyman}, #{editor}, #{entityid}, #{faccode}, #{facid}, #{facstatus}, #{finishdate}, #{holenum}, #{maintain}, #{model}, #{parentasscard}, #{projectid}, #{propertyright}, #{recdate}, #{recorder}, #{regionid}, #{remark}, #{sealevel}, #{stationid}, #{x}, #{y}, #{z})
</insert>
<update id="update" parameterType="rm.sys.pip.entity.PipPipedoor">
update PIP_PIPEDOOR set
ADDRESS = #{address}, ANGLE = #{angle}, ASSETNO = #{assetno}, CABLEROOMID = #{cableroomid}, CHECKPOINT = #{checkpoint}, CHILDASSCARD = #{childasscard}, CJDATE = #{cjdate}, CJMAN = #{cjman}, CJUNIT = #{cjunit}, DOORMAT = #{doormat}, DUTYMAN = #{dutyman}, EDITOR = #{editor}, ENTITYID = #{entityid}, FACCODE = #{faccode}, FACID = #{facid}, FACSTATUS = #{facstatus}, FINISHDATE = #{finishdate}, HOLENUM = #{holenum}, MAINTAIN = #{maintain}, MODEL = #{model}, PARENTASSCARD = #{parentasscard}, PROJECTID = #{projectid}, PROPERTYRIGHT = #{propertyright}, RECDATE = #{recdate}, RECORDER = #{recorder}, REGIONID = #{regionid}, REMARK = #{remark}, SEALEVEL = #{sealevel}, STATIONID = #{stationid}, X = #{x}, Y = #{y}, Z = #{z} where FACID = #{facid}
</update>
<delete id="delete" parameterType="list">
delete from PIP_PIPEDOOR where FACID in
<foreach item="item" index="index" collection="list"
	open="(" separator=", " close=")">#{item}</foreach>
</delete>
</mapper>
