<?xml version="1.0" encoding="UTF-8" ?>
<!-- generated at Wed Apr 16 09:52:29 CST 2014 -->
<!DOCTYPE mapper
    PUBLIC "-//mybatis.org//DTD Mapper 3.0//EN"
    "http://mybatis.org/dtd/mybatis-3-mapper.dtd">
<mapper namespace="rm.sys.entity.SysMenu">
<sql id="fields">
ID, MAINTAININDICATOR, MENUNAME, MENUTYPE, WJC_FLAG
</sql>
<resultMap id="rm.sys.entity.SysMenuResultMap" type="rm.sys.entity.SysMenu">
<id property="id" column="ID"/>
<result property="wjcFlag" column="WJC_FLAG"/>
</resultMap>
<select id="get" parameterType="long" resultType="rm.sys.entity.SysMenu">
select * from SYS_MENU where ID = #{value}
</select>
<select id="getAll" parameterType="long" resultType="rm.sys.entity.SysMenu">
select * from SYS_MENU where rownum &lt; 300
<if test="value != null">order by ${value}</if>
</select>
<insert id="insert" parameterType="rm.sys.entity.SysMenu">
insert into SYS_MENU (<include refid="fields"/>) values(
#{id}, #{maintainindicator}, #{menuname}, #{menutype}, #{wjcFlag})
</insert>
<update id="update" parameterType="rm.sys.entity.SysMenu">
update SYS_MENU set
ID = #{id}, MAINTAININDICATOR = #{maintainindicator}, MENUNAME = #{menuname}, MENUTYPE = #{menutype}, WJC_FLAG = #{wjcFlag} where ID = #{id}
</update>
<delete id="delete" parameterType="list">
delete from SYS_MENU where ID in
<foreach item="item" index="index" collection="list"
	open="(" separator=", " close=")">#{item}</foreach>
</delete>
</mapper>
