<?xml version="1.0" encoding="UTF-8" ?>
<!-- generated at Wed Apr 16 09:52:33 CST 2014 -->
<!DOCTYPE mapper
    PUBLIC "-//mybatis.org//DTD Mapper 3.0//EN"
    "http://mybatis.org/dtd/mybatis-3-mapper.dtd">
<mapper namespace="rm.sys.entity.SysEntityattr">
<sql id="fields">
ATTRIBUTEID, CLASSID, COLNAME, COLNO, COLPRECISION, COLTYPE, COLWIDTH, DATATYPE, DEFAULTVAL, DISPNAME, EDITTYPE, ENTITYSPECID, ID, ISFK, ISPK, TABNAME, WJC_FLAG
</sql>
<resultMap id="rm.sys.entity.SysEntityattrResultMap" type="rm.sys.entity.SysEntityattr">
<id property="id" column="ID"/>
<result property="wjcFlag" column="WJC_FLAG"/>
</resultMap>
<select id="get" parameterType="long" resultType="rm.sys.entity.SysEntityattr">
select * from SYS_ENTITYATTR where ID = #{value}
</select>
<select id="getAll" parameterType="long" resultType="rm.sys.entity.SysEntityattr">
select * from SYS_ENTITYATTR where rownum &lt; 300
<if test="value != null">order by ${value}</if>
</select>
<insert id="insert" parameterType="rm.sys.entity.SysEntityattr">
insert into SYS_ENTITYATTR (<include refid="fields"/>) values(
#{attributeid}, #{classid}, #{colname}, #{colno}, #{colprecision}, #{coltype}, #{colwidth}, #{datatype}, #{defaultval}, #{dispname}, #{edittype}, #{entityspecid}, #{id}, #{isfk}, #{ispk}, #{tabname}, #{wjcFlag})
</insert>
<update id="update" parameterType="rm.sys.entity.SysEntityattr">
update SYS_ENTITYATTR set
ATTRIBUTEID = #{attributeid}, CLASSID = #{classid}, COLNAME = #{colname}, COLNO = #{colno}, COLPRECISION = #{colprecision}, COLTYPE = #{coltype}, COLWIDTH = #{colwidth}, DATATYPE = #{datatype}, DEFAULTVAL = #{defaultval}, DISPNAME = #{dispname}, EDITTYPE = #{edittype}, ENTITYSPECID = #{entityspecid}, ID = #{id}, ISFK = #{isfk}, ISPK = #{ispk}, TABNAME = #{tabname}, WJC_FLAG = #{wjcFlag} where ID = #{id}
</update>
<delete id="delete" parameterType="list">
delete from SYS_ENTITYATTR where ID in
<foreach item="item" index="index" collection="list"
	open="(" separator=", " close=")">#{item}</foreach>
</delete>
</mapper>
