<?xml version="1.0" encoding="UTF-8" ?>
<!-- generated at Wed Apr 16 09:52:34 CST 2014 -->
<!DOCTYPE mapper
    PUBLIC "-//mybatis.org//DTD Mapper 3.0//EN"
    "http://mybatis.org/dtd/mybatis-3-mapper.dtd">
<mapper namespace="rm.sys.entity.TbCrossconnection">
<sql id="fields">
ACONNECTPOINT, ALIAS, AMANAGEDELEMENTID, APORTCATEGORY, APORTCODE, APORTID, APORTINDICATOR, AREAID, ASSEMBLECODE, ASSEMBLENAME, CCTYPE, CODE, COMMENTS, CREATEDATE, CROSSCONNECTIONTYPEID, ELECTRICTYPE, GLOBALINDEX, GROUPCODE, ID, LOCATIONID, METACATEGORY, MIGRATIONSTATUS, MIGRATIONSTATUSDETAIL, MODIFYDATE, NAME, NATIVEEMSNAME, NMAREACODE, NMID, NMSPEC, OWNERID, PHYSICALSTATUS, PHYSICALSTATUSDETAIL, PROTECTIONSTATUS, RESTYPE, SERVICESTATUS, SERVICESTATUSDETAIL, USERLABEL, VERSION, ZCONNECTPOINT, ZMANAGEDELEMENTID, ZPORTCATEGORY, ZPORTCODE, ZPORTID, ZPORTINDICATOR
</sql>
<resultMap id="rm.sys.entity.TbCrossconnectionResultMap" type="rm.sys.entity.TbCrossconnection">
<id property="id" column="ID"/>
</resultMap>
<select id="get" parameterType="long" resultType="rm.sys.entity.TbCrossconnection">
select * from TB_CROSSCONNECTION where ID = #{value}
</select>
<select id="getAll" parameterType="long" resultType="rm.sys.entity.TbCrossconnection">
select * from TB_CROSSCONNECTION where rownum &lt; 300
<if test="value != null">order by ${value}</if>
</select>
<insert id="insert" parameterType="rm.sys.entity.TbCrossconnection">
insert into TB_CROSSCONNECTION (<include refid="fields"/>) values(
#{aconnectpoint}, #{alias}, #{amanagedelementid}, #{aportcategory}, #{aportcode}, #{aportid}, #{aportindicator}, #{areaid}, #{assemblecode}, #{assemblename}, #{cctype}, #{code}, #{comments}, #{createdate}, #{crossconnectiontypeid}, #{electrictype}, #{globalindex}, #{groupcode}, #{id}, #{locationid}, #{metacategory}, #{migrationstatus}, #{migrationstatusdetail}, #{modifydate}, #{name}, #{nativeemsname}, #{nmareacode}, #{nmid}, #{nmspec}, #{ownerid}, #{physicalstatus}, #{physicalstatusdetail}, #{protectionstatus}, #{restype}, #{servicestatus}, #{servicestatusdetail}, #{userlabel}, #{version}, #{zconnectpoint}, #{zmanagedelementid}, #{zportcategory}, #{zportcode}, #{zportid}, #{zportindicator})
</insert>
<update id="update" parameterType="rm.sys.entity.TbCrossconnection">
update TB_CROSSCONNECTION set
ACONNECTPOINT = #{aconnectpoint}, ALIAS = #{alias}, AMANAGEDELEMENTID = #{amanagedelementid}, APORTCATEGORY = #{aportcategory}, APORTCODE = #{aportcode}, APORTID = #{aportid}, APORTINDICATOR = #{aportindicator}, AREAID = #{areaid}, ASSEMBLECODE = #{assemblecode}, ASSEMBLENAME = #{assemblename}, CCTYPE = #{cctype}, CODE = #{code}, COMMENTS = #{comments}, CREATEDATE = #{createdate}, CROSSCONNECTIONTYPEID = #{crossconnectiontypeid}, ELECTRICTYPE = #{electrictype}, GLOBALINDEX = #{globalindex}, GROUPCODE = #{groupcode}, ID = #{id}, LOCATIONID = #{locationid}, METACATEGORY = #{metacategory}, MIGRATIONSTATUS = #{migrationstatus}, MIGRATIONSTATUSDETAIL = #{migrationstatusdetail}, MODIFYDATE = #{modifydate}, NAME = #{name}, NATIVEEMSNAME = #{nativeemsname}, NMAREACODE = #{nmareacode}, NMID = #{nmid}, NMSPEC = #{nmspec}, OWNERID = #{ownerid}, PHYSICALSTATUS = #{physicalstatus}, PHYSICALSTATUSDETAIL = #{physicalstatusdetail}, PROTECTIONSTATUS = #{protectionstatus}, RESTYPE = #{restype}, SERVICESTATUS = #{servicestatus}, SERVICESTATUSDETAIL = #{servicestatusdetail}, USERLABEL = #{userlabel}, VERSION = #{version}, ZCONNECTPOINT = #{zconnectpoint}, ZMANAGEDELEMENTID = #{zmanagedelementid}, ZPORTCATEGORY = #{zportcategory}, ZPORTCODE = #{zportcode}, ZPORTID = #{zportid}, ZPORTINDICATOR = #{zportindicator} where ID = #{id}
</update>
<delete id="delete" parameterType="list">
delete from TB_CROSSCONNECTION where ID in
<foreach item="item" index="index" collection="list"
	open="(" separator=", " close=")">#{item}</foreach>
</delete>
</mapper>
