<?xml version="1.0" encoding="UTF-8" ?>
<!-- generated at Wed Apr 16 09:52:33 CST 2014 -->
<!DOCTYPE mapper
    PUBLIC "-//mybatis.org//DTD Mapper 3.0//EN"
    "http://mybatis.org/dtd/mybatis-3-mapper.dtd">
<mapper namespace="rm.sys.entity.SysDictionary">
<sql id="fields">
AREACODE, ATTRIBUTEID, CLASSID, COMMENTS, DESCRIPTION, DICTIONARYTYPEID, ID, PARENTID, REMARK, SEQNO, STATE, VALUE, VALUE2, VALUEEN, WJC_FLAG
</sql>
<resultMap id="rm.sys.entity.SysDictionaryResultMap" type="rm.sys.entity.SysDictionary">
<id property="id" column="ID"/>
<result property="wjcFlag" column="WJC_FLAG"/>
</resultMap>
<select id="get" parameterType="long" resultType="rm.sys.entity.SysDictionary">
select * from SYS_DICTIONARY where ID = #{value}
</select>
<select id="getAll" parameterType="long" resultType="rm.sys.entity.SysDictionary">
select * from SYS_DICTIONARY where rownum &lt; 300
<if test="value != null">order by ${value}</if>
</select>
<insert id="insert" parameterType="rm.sys.entity.SysDictionary">
<selectKey keyProperty="id" resultType="long" order="BEFORE">
select seq_SYS_DICTIONARY.nextval from dual
</selectKey>
insert into SYS_DICTIONARY (<include refid="fields"/>) values(
#{areacode}, #{attributeid}, #{classid}, #{comments}, #{description}, #{dictionarytypeid}, #{id}, #{parentid}, #{remark}, #{seqno}, #{state}, #{value}, #{value2}, #{valueen}, #{wjcFlag})
</insert>
<update id="update" parameterType="rm.sys.entity.SysDictionary">
update SYS_DICTIONARY set
AREACODE = #{areacode}, ATTRIBUTEID = #{attributeid}, CLASSID = #{classid}, COMMENTS = #{comments}, DESCRIPTION = #{description}, DICTIONARYTYPEID = #{dictionarytypeid}, ID = #{id}, PARENTID = #{parentid}, REMARK = #{remark}, SEQNO = #{seqno}, STATE = #{state}, VALUE = #{value}, VALUE2 = #{value2}, VALUEEN = #{valueen}, WJC_FLAG = #{wjcFlag} where ID = #{id}
</update>
<delete id="delete" parameterType="list">
delete from SYS_DICTIONARY where ID in
<foreach item="item" index="index" collection="list"
	open="(" separator=", " close=")">#{item}</foreach>
</delete>
</mapper>
