<?xml version="1.0" encoding="UTF-8" ?>
<!-- generated at Wed Apr 16 09:52:32 CST 2014 -->
<!DOCTYPE mapper
    PUBLIC "-//mybatis.org//DTD Mapper 3.0//EN"
    "http://mybatis.org/dtd/mybatis-3-mapper.dtd">
<mapper namespace="rm.sys.entity.SysMgttemplateattr">
<sql id="fields">
ATTRIBUTEID, COMPMGTTEMPLATEID, DEFAULTVALUE, DISPNAME, EDITTYPE, ENTITYMGTTEMPLATEID, ID, ISQUERIABLE, ISREADONLY, NULLABLE, SEQNO, STATUS, UNIFLAG, WJC_FLAG
</sql>
<resultMap id="rm.sys.entity.SysMgttemplateattrResultMap" type="rm.sys.entity.SysMgttemplateattr">
<id property="id" column="ID"/>
<result property="wjcFlag" column="WJC_FLAG"/>
</resultMap>
<select id="get" parameterType="long" resultType="rm.sys.entity.SysMgttemplateattr">
select * from SYS_MGTTEMPLATEATTR where ID = #{value}
</select>
<select id="getAll" parameterType="long" resultType="rm.sys.entity.SysMgttemplateattr">
select * from SYS_MGTTEMPLATEATTR where rownum &lt; 300
<if test="value != null">order by ${value}</if>
</select>
<insert id="insert" parameterType="rm.sys.entity.SysMgttemplateattr">
insert into SYS_MGTTEMPLATEATTR (<include refid="fields"/>) values(
#{attributeid}, #{compmgttemplateid}, #{defaultvalue}, #{dispname}, #{edittype}, #{entitymgttemplateid}, #{id}, #{isqueriable}, #{isreadonly}, #{nullable}, #{seqno}, #{status}, #{uniflag}, #{wjcFlag})
</insert>
<update id="update" parameterType="rm.sys.entity.SysMgttemplateattr">
update SYS_MGTTEMPLATEATTR set
ATTRIBUTEID = #{attributeid}, COMPMGTTEMPLATEID = #{compmgttemplateid}, DEFAULTVALUE = #{defaultvalue}, DISPNAME = #{dispname}, EDITTYPE = #{edittype}, ENTITYMGTTEMPLATEID = #{entitymgttemplateid}, ID = #{id}, ISQUERIABLE = #{isqueriable}, ISREADONLY = #{isreadonly}, NULLABLE = #{nullable}, SEQNO = #{seqno}, STATUS = #{status}, UNIFLAG = #{uniflag}, WJC_FLAG = #{wjcFlag} where ID = #{id}
</update>
<delete id="delete" parameterType="list">
delete from SYS_MGTTEMPLATEATTR where ID in
<foreach item="item" index="index" collection="list"
	open="(" separator=", " close=")">#{item}</foreach>
</delete>
</mapper>
