<?xml version="1.0" encoding="UTF-8" ?>
<!-- generated at Wed Apr 16 09:52:32 CST 2014 -->
<!DOCTYPE mapper
    PUBLIC "-//mybatis.org//DTD Mapper 3.0//EN"
    "http://mybatis.org/dtd/mybatis-3-mapper.dtd">
<mapper namespace="rm.sys.entity.TNoticeRecipient">
<sql id="fields">
ID, NOTICE_ID, RECIPIENT_ID, RECIPIENT_TYPE
</sql>
<resultMap id="rm.sys.entity.TNoticeRecipientResultMap" type="rm.sys.entity.TNoticeRecipient">
<id property="id" column="ID"/>
<result property="noticeId" column="NOTICE_ID"/>
<result property="recipientId" column="RECIPIENT_ID"/>
<result property="recipientType" column="RECIPIENT_TYPE"/>
</resultMap>
<select id="get" parameterType="long" resultType="rm.sys.entity.TNoticeRecipient">
select * from T_NOTICE_RECIPIENT where ID = #{value}
</select>
<select id="getAll" parameterType="long" resultType="rm.sys.entity.TNoticeRecipient">
select * from T_NOTICE_RECIPIENT where rownum &lt; 300
<if test="value != null">order by ${value}</if>
</select>
<insert id="insert" parameterType="rm.sys.entity.TNoticeRecipient">
insert into T_NOTICE_RECIPIENT (<include refid="fields"/>) values(
#{id}, #{noticeId}, #{recipientId}, #{recipientType})
</insert>
<update id="update" parameterType="rm.sys.entity.TNoticeRecipient">
update T_NOTICE_RECIPIENT set
ID = #{id}, NOTICE_ID = #{noticeId}, RECIPIENT_ID = #{recipientId}, RECIPIENT_TYPE = #{recipientType} where ID = #{id}
</update>
<delete id="delete" parameterType="list">
delete from T_NOTICE_RECIPIENT where ID in
<foreach item="item" index="index" collection="list"
	open="(" separator=", " close=")">#{item}</foreach>
</delete>
</mapper>
