<?xml version="1.0" encoding="UTF-8" ?>
<!-- generated at Wed Apr 16 09:52:33 CST 2014 -->
<!DOCTYPE mapper
    PUBLIC "-//mybatis.org//DTD Mapper 3.0//EN"
    "http://mybatis.org/dtd/mybatis-3-mapper.dtd">
<mapper namespace="rm.sys.entity.ResRole">
<sql id="fields">
FGSID, INVALID, MEMO, PARENTID, ROLEID, ROLELEVEL, ROLENAME, ROLETYPE
</sql>
<resultMap id="rm.sys.entity.ResRoleResultMap" type="rm.sys.entity.ResRole">
<id property="roleid" column="ROLEID"/>
</resultMap>
<select id="get" parameterType="long" resultType="rm.sys.entity.ResRole">
select * from RES_ROLE where ROLEID = #{value}
</select>
<select id="getAll" parameterType="long" resultType="rm.sys.entity.ResRole">
select * from RES_ROLE where rownum &lt; 300
<if test="value != null">order by ${value}</if>
</select>
<insert id="insert" parameterType="rm.sys.entity.ResRole">
insert into RES_ROLE (<include refid="fields"/>) values(
#{fgsid}, #{invalid}, #{memo}, #{parentid}, #{roleid}, #{rolelevel}, #{rolename}, #{roletype})
</insert>
<update id="update" parameterType="rm.sys.entity.ResRole">
update RES_ROLE set
FGSID = #{fgsid}, INVALID = #{invalid}, MEMO = #{memo}, PARENTID = #{parentid}, ROLEID = #{roleid}, ROLELEVEL = #{rolelevel}, ROLENAME = #{rolename}, ROLETYPE = #{roletype} where ROLEID = #{roleid}
</update>
<delete id="delete" parameterType="list">
delete from RES_ROLE where ROLEID in
<foreach item="item" index="index" collection="list"
	open="(" separator=", " close=")">#{item}</foreach>
</delete>
</mapper>
