<?xml version="1.0" encoding="UTF-8" ?>
<!-- generated at Wed Apr 16 09:52:32 CST 2014 -->
<!DOCTYPE mapper
    PUBLIC "-//mybatis.org//DTD Mapper 3.0//EN"
    "http://mybatis.org/dtd/mybatis-3-mapper.dtd">
<mapper namespace="rm.sys.entity.ResStaffRole">
<sql id="fields">
KYEID, ROLEID, STAFFID
</sql>
<resultMap id="rm.sys.entity.ResStaffRoleResultMap" type="rm.sys.entity.ResStaffRole">
<id property="kyeid" column="KYEID"/>
</resultMap>
<select id="get" parameterType="long" resultType="rm.sys.entity.ResStaffRole">
select * from RES_STAFF_ROLE where KYEID = #{value}
</select>
<select id="getAll" parameterType="long" resultType="rm.sys.entity.ResStaffRole">
select * from RES_STAFF_ROLE where rownum &lt; 300
<if test="value != null">order by ${value}</if>
</select>
<insert id="insert" parameterType="rm.sys.entity.ResStaffRole">
insert into RES_STAFF_ROLE (<include refid="fields"/>) values(
#{kyeid}, #{roleid}, #{staffid})
</insert>
<update id="update" parameterType="rm.sys.entity.ResStaffRole">
update RES_STAFF_ROLE set
KYEID = #{kyeid}, ROLEID = #{roleid}, STAFFID = #{staffid} where KYEID = #{kyeid}
</update>
<delete id="delete" parameterType="list">
delete from RES_STAFF_ROLE where KYEID in
<foreach item="item" index="index" collection="list"
	open="(" separator=", " close=")">#{item}</foreach>
</delete>
</mapper>
