<?xml version="1.0" encoding="UTF-8" ?>
<!-- generated at Wed Apr 16 09:52:33 CST 2014 -->
<!DOCTYPE mapper
    PUBLIC "-//mybatis.org//DTD Mapper 3.0//EN"
    "http://mybatis.org/dtd/mybatis-3-mapper.dtd">
<mapper namespace="rm.sys.entity.TNotice">
<sql id="fields">
BODY, EXPIRE_TIME, ID, PRIORITY, PUBLISH_TIME, TITLE
</sql>
<resultMap id="rm.sys.entity.TNoticeResultMap" type="rm.sys.entity.TNotice">
<id property="id" column="ID"/>
<result property="expireTime" column="EXPIRE_TIME"/>
<result property="publishTime" column="PUBLISH_TIME"/>
</resultMap>
<select id="get" parameterType="long" resultType="rm.sys.entity.TNotice">
select * from T_NOTICE where ID = #{value}
</select>
<select id="getAll" parameterType="long" resultType="rm.sys.entity.TNotice">
select * from T_NOTICE where rownum &lt; 300
<if test="value != null">order by ${value}</if>
</select>
<insert id="insert" parameterType="rm.sys.entity.TNotice">
insert into T_NOTICE (<include refid="fields"/>) values(
#{body}, #{expireTime}, #{id}, #{priority}, #{publishTime}, #{title})
</insert>
<update id="update" parameterType="rm.sys.entity.TNotice">
update T_NOTICE set
BODY = #{body}, EXPIRE_TIME = #{expireTime}, ID = #{id}, PRIORITY = #{priority}, PUBLISH_TIME = #{publishTime}, TITLE = #{title} where ID = #{id}
</update>
<delete id="delete" parameterType="list">
delete from T_NOTICE where ID in
<foreach item="item" index="index" collection="list"
	open="(" separator=", " close=")">#{item}</foreach>
</delete>
</mapper>
