<?xml version="1.0" encoding="UTF-8" ?>
<!-- generated at Wed Apr 16 09:52:33 CST 2014 -->
<!DOCTYPE mapper
    PUBLIC "-//mybatis.org//DTD Mapper 3.0//EN"
    "http://mybatis.org/dtd/mybatis-3-mapper.dtd">
<mapper namespace="rm.sys.entity.ResRoleTabRel">
<sql id="fields">
KEYID, RIGHTS, ROLEID, TABID
</sql>
<resultMap id="rm.sys.entity.ResRoleTabRelResultMap" type="rm.sys.entity.ResRoleTabRel">
<id property="keyid" column="KEYID"/>
</resultMap>
<select id="get" parameterType="long" resultType="rm.sys.entity.ResRoleTabRel">
select * from RES_ROLE_TAB_REL where KEYID = #{value}
</select>
<select id="getAll" parameterType="long" resultType="rm.sys.entity.ResRoleTabRel">
select * from RES_ROLE_TAB_REL where rownum &lt; 300
<if test="value != null">order by ${value}</if>
</select>
<insert id="insert" parameterType="rm.sys.entity.ResRoleTabRel">
insert into RES_ROLE_TAB_REL (<include refid="fields"/>) values(
#{keyid}, #{rights}, #{roleid}, #{tabid})
</insert>
<update id="update" parameterType="rm.sys.entity.ResRoleTabRel">
update RES_ROLE_TAB_REL set
KEYID = #{keyid}, RIGHTS = #{rights}, ROLEID = #{roleid}, TABID = #{tabid} where KEYID = #{keyid}
</update>
<delete id="delete" parameterType="list">
delete from RES_ROLE_TAB_REL where KEYID in
<foreach item="item" index="index" collection="list"
	open="(" separator=", " close=")">#{item}</foreach>
</delete>
</mapper>
