<?xml version="1.0" encoding="UTF-8" ?>
<!-- generated at Wed Apr 16 09:52:34 CST 2014 -->
<!DOCTYPE mapper
    PUBLIC "-//mybatis.org//DTD Mapper 3.0//EN"
    "http://mybatis.org/dtd/mybatis-3-mapper.dtd">
<mapper namespace="rm.sys.entity.TExptask">
<sql id="fields">
CREATEDT, ENTITYMGTTEMPLATEID, EXTCONDITION, FILENAME, ID, OPERMAN, REMARK, STATUS, TASKCODE
</sql>
<resultMap id="rm.sys.entity.TExptaskResultMap" type="rm.sys.entity.TExptask">
<id property="id" column="ID"/>
</resultMap>
<select id="get" parameterType="long" resultType="rm.sys.entity.TExptask">
select * from T_EXPTASK where ID = #{value}
</select>
<select id="getAll" parameterType="long" resultType="rm.sys.entity.TExptask">
select * from T_EXPTASK where rownum &lt; 300
<if test="value != null">order by ${value}</if>
</select>
<insert id="insert" parameterType="rm.sys.entity.TExptask">
<selectKey keyProperty="id" resultType="long" order="BEFORE">
select seq_T_EXPTASK.nextval from dual
</selectKey>
insert into T_EXPTASK (<include refid="fields"/>) values(
#{createdt}, #{entitymgttemplateid}, #{extcondition}, #{filename}, #{id}, #{operman}, #{remark}, #{status}, #{taskcode})
</insert>
<update id="update" parameterType="rm.sys.entity.TExptask">
update T_EXPTASK set
CREATEDT = #{createdt}, ENTITYMGTTEMPLATEID = #{entitymgttemplateid}, EXTCONDITION = #{extcondition}, FILENAME = #{filename}, ID = #{id}, OPERMAN = #{operman}, REMARK = #{remark}, STATUS = #{status}, TASKCODE = #{taskcode} where ID = #{id}
</update>
<delete id="delete" parameterType="list">
delete from T_EXPTASK where ID in
<foreach item="item" index="index" collection="list"
	open="(" separator=", " close=")">#{item}</foreach>
</delete>
</mapper>
