<?xml version="1.0" encoding="UTF-8" ?>
<!-- generated at Wed Apr 16 09:52:34 CST 2014 -->
<!DOCTYPE mapper
    PUBLIC "-//mybatis.org//DTD Mapper 3.0//EN"
    "http://mybatis.org/dtd/mybatis-3-mapper.dtd">
<mapper namespace="rm.sys.entity.SysMgttemplatefrm">
<sql id="fields">
COMMENTS, DEFAULTCTRLWIDTH, DEFAULTELEMENTMARGIN, DEFAULTLABELWIDTH, ENTITYMGTTEMPLATEID, GROUPLAYOUTE, GROUPTYPE, HEIGHT, ID, LABEL, NAME, SHOWMODE, SPECONS, UNIFLAG, WIDTH, WJC_FLAG
</sql>
<resultMap id="rm.sys.entity.SysMgttemplatefrmResultMap" type="rm.sys.entity.SysMgttemplatefrm">
<id property="id" column="ID"/>
<result property="wjcFlag" column="WJC_FLAG"/>
</resultMap>
<select id="get" parameterType="long" resultType="rm.sys.entity.SysMgttemplatefrm">
select * from SYS_MGTTEMPLATEFRM where ID = #{value}
</select>
<select id="getAll" parameterType="long" resultType="rm.sys.entity.SysMgttemplatefrm">
select * from SYS_MGTTEMPLATEFRM where rownum &lt; 300
<if test="value != null">order by ${value}</if>
</select>
<insert id="insert" parameterType="rm.sys.entity.SysMgttemplatefrm">
insert into SYS_MGTTEMPLATEFRM (<include refid="fields"/>) values(
#{comments}, #{defaultctrlwidth}, #{defaultelementmargin}, #{defaultlabelwidth}, #{entitymgttemplateid}, #{grouplayoute}, #{grouptype}, #{height}, #{id}, #{label}, #{name}, #{showmode}, #{specons}, #{uniflag}, #{width}, #{wjcFlag})
</insert>
<update id="update" parameterType="rm.sys.entity.SysMgttemplatefrm">
update SYS_MGTTEMPLATEFRM set
COMMENTS = #{comments}, DEFAULTCTRLWIDTH = #{defaultctrlwidth}, DEFAULTELEMENTMARGIN = #{defaultelementmargin}, DEFAULTLABELWIDTH = #{defaultlabelwidth}, ENTITYMGTTEMPLATEID = #{entitymgttemplateid}, GROUPLAYOUTE = #{grouplayoute}, GROUPTYPE = #{grouptype}, HEIGHT = #{height}, ID = #{id}, LABEL = #{label}, NAME = #{name}, SHOWMODE = #{showmode}, SPECONS = #{specons}, UNIFLAG = #{uniflag}, WIDTH = #{width}, WJC_FLAG = #{wjcFlag} where ID = #{id}
</update>
<delete id="delete" parameterType="list">
delete from SYS_MGTTEMPLATEFRM where ID in
<foreach item="item" index="index" collection="list"
	open="(" separator=", " close=")">#{item}</foreach>
</delete>
</mapper>
