<?xml version="1.0" encoding="UTF-8" ?>
<!-- generated at Wed Apr 16 09:52:33 CST 2014 -->
<!DOCTYPE mapper
    PUBLIC "-//mybatis.org//DTD Mapper 3.0//EN"
    "http://mybatis.org/dtd/mybatis-3-mapper.dtd">
<mapper namespace="rm.sys.entity.ResRoleTab">
<sql id="fields">
IS_CRT, IS_LEAF, PARENTID, PRESQL, TABCODE, TABDESC, TABID, TABNAME
</sql>
<resultMap id="rm.sys.entity.ResRoleTabResultMap" type="rm.sys.entity.ResRoleTab">
<id property="tabid" column="TABID"/>
<result property="isCrt" column="IS_CRT"/>
<result property="isLeaf" column="IS_LEAF"/>
</resultMap>
<select id="get" parameterType="long" resultType="rm.sys.entity.ResRoleTab">
select * from RES_ROLE_TAB where TABID = #{value}
</select>
<select id="getAll" parameterType="long" resultType="rm.sys.entity.ResRoleTab">
select * from RES_ROLE_TAB where rownum &lt; 300
<if test="value != null">order by ${value}</if>
</select>
<insert id="insert" parameterType="rm.sys.entity.ResRoleTab">
<selectKey keyProperty="tabid" resultType="long" order="BEFORE">
select seq_RES_ROLE_TAB.nextval from dual
</selectKey>
insert into RES_ROLE_TAB (<include refid="fields"/>) values(
#{isCrt}, #{isLeaf}, #{parentid}, #{presql}, #{tabcode}, #{tabdesc}, #{tabid}, #{tabname})
</insert>
<update id="update" parameterType="rm.sys.entity.ResRoleTab">
update RES_ROLE_TAB set
IS_CRT = #{isCrt}, IS_LEAF = #{isLeaf}, PARENTID = #{parentid}, PRESQL = #{presql}, TABCODE = #{tabcode}, TABDESC = #{tabdesc}, TABID = #{tabid}, TABNAME = #{tabname} where TABID = #{tabid}
</update>
<delete id="delete" parameterType="list">
delete from RES_ROLE_TAB where TABID in
<foreach item="item" index="index" collection="list"
	open="(" separator=", " close=")">#{item}</foreach>
</delete>
</mapper>
