<?xml version="1.0" encoding="UTF-8" ?>
<!-- generated at Wed Apr 16 09:52:35 CST 2014 -->
<!DOCTYPE mapper
    PUBLIC "-//mybatis.org//DTD Mapper 3.0//EN"
    "http://mybatis.org/dtd/mybatis-3-mapper.dtd">
<mapper namespace="rm.sys.entity.TsFibersection">
<sql id="fields">
ENTITYID
</sql>
<resultMap id="rm.sys.entity.TsFibersectionResultMap" type="rm.sys.entity.TsFibersection">
<id property="entityid" column="ENTITYID"/>
</resultMap>
<select id="get" parameterType="long" resultType="rm.sys.entity.TsFibersection">
select * from TS_FIBERSECTION where ENTITYID = #{value}
</select>
<select id="getAll" parameterType="long" resultType="rm.sys.entity.TsFibersection">
select * from TS_FIBERSECTION where rownum &lt; 300
<if test="value != null">order by ${value}</if>
</select>
<insert id="insert" parameterType="rm.sys.entity.TsFibersection">
<selectKey keyProperty="entityid" resultType="long" order="BEFORE">
select seq_TS_FIBERSECTION.nextval from dual
</selectKey>
insert into TS_FIBERSECTION (<include refid="fields"/>) values(
#{entityid})
</insert>
<update id="update" parameterType="rm.sys.entity.TsFibersection">
update TS_FIBERSECTION set
ENTITYID = #{entityid} where ENTITYID = #{entityid}
</update>
<delete id="delete" parameterType="list">
delete from TS_FIBERSECTION where ENTITYID in
<foreach item="item" index="index" collection="list"
	open="(" separator=", " close=")">#{item}</foreach>
</delete>
</mapper>
