<?xml version="1.0" encoding="UTF-8" ?>
<!-- generated at Wed Apr 16 09:52:33 CST 2014 -->
<!DOCTYPE mapper
    PUBLIC "-//mybatis.org//DTD Mapper 3.0//EN"
    "http://mybatis.org/dtd/mybatis-3-mapper.dtd">
<mapper namespace="rm.sys.entity.SysMgttemplatetblelement">
<sql id="fields">
CONTROLID, DISPNAME, EDITTYPE, ID, ISREADONLY, ISVISIBLE, MGTTEMPLATETBLID, NAME, SEQNO, UNIFLAG, WIDTH, WJC_FLAG
</sql>
<resultMap id="rm.sys.entity.SysMgttemplatetblelementResultMap" type="rm.sys.entity.SysMgttemplatetblelement">
<id property="id" column="ID"/>
<result property="wjcFlag" column="WJC_FLAG"/>
</resultMap>
<select id="get" parameterType="long" resultType="rm.sys.entity.SysMgttemplatetblelement">
select * from SYS_MGTTEMPLATETBLELEMENT where ID = #{value}
</select>
<select id="getAll" parameterType="long" resultType="rm.sys.entity.SysMgttemplatetblelement">
select * from SYS_MGTTEMPLATETBLELEMENT where rownum &lt; 300
<if test="value != null">order by ${value}</if>
</select>
<insert id="insert" parameterType="rm.sys.entity.SysMgttemplatetblelement">
insert into SYS_MGTTEMPLATETBLELEMENT (<include refid="fields"/>) values(
#{controlid}, #{dispname}, #{edittype}, #{id}, #{isreadonly}, #{isvisible}, #{mgttemplatetblid}, #{name}, #{seqno}, #{uniflag}, #{width}, #{wjcFlag})
</insert>
<update id="update" parameterType="rm.sys.entity.SysMgttemplatetblelement">
update SYS_MGTTEMPLATETBLELEMENT set
CONTROLID = #{controlid}, DISPNAME = #{dispname}, EDITTYPE = #{edittype}, ID = #{id}, ISREADONLY = #{isreadonly}, ISVISIBLE = #{isvisible}, MGTTEMPLATETBLID = #{mgttemplatetblid}, NAME = #{name}, SEQNO = #{seqno}, UNIFLAG = #{uniflag}, WIDTH = #{width}, WJC_FLAG = #{wjcFlag} where ID = #{id}
</update>
<delete id="delete" parameterType="list">
delete from SYS_MGTTEMPLATETBLELEMENT where ID in
<foreach item="item" index="index" collection="list"
	open="(" separator=", " close=")">#{item}</foreach>
</delete>
</mapper>
