<?xml version="1.0" encoding="UTF-8" ?>
<!-- generated at Wed Apr 16 09:52:32 CST 2014 -->
<!DOCTYPE mapper
    PUBLIC "-//mybatis.org//DTD Mapper 3.0//EN"
    "http://mybatis.org/dtd/mybatis-3-mapper.dtd">
<mapper namespace="rm.sys.entity.TsSection">
<sql id="fields">
CARRIERNO, DESIGNSTATUS, EMSID, ENTITYID, LENGTH, SECTIONLEVEL
</sql>
<resultMap id="rm.sys.entity.TsSectionResultMap" type="rm.sys.entity.TsSection">
<id property="entityid" column="ENTITYID"/>
</resultMap>
<select id="get" parameterType="long" resultType="rm.sys.entity.TsSection">
select * from TS_SECTION where ENTITYID = #{value}
</select>
<select id="getAll" parameterType="long" resultType="rm.sys.entity.TsSection">
select * from TS_SECTION where rownum &lt; 300
<if test="value != null">order by ${value}</if>
</select>
<insert id="insert" parameterType="rm.sys.entity.TsSection">
<selectKey keyProperty="entityid" resultType="long" order="BEFORE">
select seq_TS_SECTION.nextval from dual
</selectKey>
insert into TS_SECTION (<include refid="fields"/>) values(
#{carrierno}, #{designstatus}, #{emsid}, #{entityid}, #{length}, #{sectionlevel})
</insert>
<update id="update" parameterType="rm.sys.entity.TsSection">
update TS_SECTION set
CARRIERNO = #{carrierno}, DESIGNSTATUS = #{designstatus}, EMSID = #{emsid}, ENTITYID = #{entityid}, LENGTH = #{length}, SECTIONLEVEL = #{sectionlevel} where ENTITYID = #{entityid}
</update>
<delete id="delete" parameterType="list">
delete from TS_SECTION where ENTITYID in
<foreach item="item" index="index" collection="list"
	open="(" separator=", " close=")">#{item}</foreach>
</delete>
</mapper>
