<?xml version="1.0" encoding="UTF-8" ?>
<!-- generated at Wed Apr 16 09:52:30 CST 2014 -->
<!DOCTYPE mapper
    PUBLIC "-//mybatis.org//DTD Mapper 3.0//EN"
    "http://mybatis.org/dtd/mybatis-3-mapper.dtd">
<mapper namespace="rm.sys.entity.SysEntityaction">
<sql id="fields">
MENUID, PROCNAME, RESTYPE
</sql>
<resultMap id="rm.sys.entity.SysEntityactionResultMap" type="rm.sys.entity.SysEntityaction">
<id property="restype" column="RESTYPE"/>
</resultMap>
<select id="get" parameterType="int" resultType="rm.sys.entity.SysEntityaction">
select * from SYS_ENTITYACTION where RESTYPE = #{value}
</select>
<select id="getAll" parameterType="int" resultType="rm.sys.entity.SysEntityaction">
select * from SYS_ENTITYACTION where rownum &lt; 300
<if test="value != null">order by ${value}</if>
</select>
<insert id="insert" parameterType="rm.sys.entity.SysEntityaction">
insert into SYS_ENTITYACTION (<include refid="fields"/>) values(
#{menuid}, #{procname}, #{restype})
</insert>
<update id="update" parameterType="rm.sys.entity.SysEntityaction">
update SYS_ENTITYACTION set
MENUID = #{menuid}, PROCNAME = #{procname}, RESTYPE = #{restype} where RESTYPE = #{restype}
</update>
<delete id="delete" parameterType="list">
delete from SYS_ENTITYACTION where RESTYPE in
<foreach item="item" index="index" collection="list"
	open="(" separator=", " close=")">#{item}</foreach>
</delete>
</mapper>
