<?xml version="1.0" encoding="UTF-8" ?>
<!-- generated at Wed Apr 16 09:52:32 CST 2014 -->
<!DOCTYPE mapper
    PUBLIC "-//mybatis.org//DTD Mapper 3.0//EN"
    "http://mybatis.org/dtd/mybatis-3-mapper.dtd">
<mapper namespace="rm.sys.entity.BasRegion">
<sql id="fields">
AREA, ENTITYID, MAPOBJID, PARENTID, POPULATION, REGIONCODE, REGIONID, REGIONNAME, REGIONTYPE, SIMPLECODE, SIMPLENAME
</sql>
<resultMap id="rm.sys.entity.BasRegionResultMap" type="rm.sys.entity.BasRegion">
<id property="regionid" column="REGIONID"/>
</resultMap>
<select id="get" parameterType="long" resultType="rm.sys.entity.BasRegion">
select * from BAS_REGION where REGIONID = #{value}
</select>
<select id="getAll" parameterType="long" resultType="rm.sys.entity.BasRegion">
select * from BAS_REGION where rownum &lt; 300
<if test="value != null">order by ${value}</if>
</select>
<insert id="insert" parameterType="rm.sys.entity.BasRegion">
<selectKey keyProperty="regionid" resultType="long" order="BEFORE">
select seq_BAS_REGION.nextval from dual
</selectKey>
insert into BAS_REGION (<include refid="fields"/>) values(
#{area}, #{entityid}, #{mapobjid}, #{parentid}, #{population}, #{regioncode}, #{regionid}, #{regionname}, #{regiontype}, #{simplecode}, #{simplename})
</insert>
<update id="update" parameterType="rm.sys.entity.BasRegion">
update BAS_REGION set
AREA = #{area}, ENTITYID = #{entityid}, MAPOBJID = #{mapobjid}, PARENTID = #{parentid}, POPULATION = #{population}, REGIONCODE = #{regioncode}, REGIONID = #{regionid}, REGIONNAME = #{regionname}, REGIONTYPE = #{regiontype}, SIMPLECODE = #{simplecode}, SIMPLENAME = #{simplename} where REGIONID = #{regionid}
</update>
<delete id="delete" parameterType="list">
delete from BAS_REGION where REGIONID in
<foreach item="item" index="index" collection="list"
	open="(" separator=", " close=")">#{item}</foreach>
</delete>
</mapper>
