<?xml version="1.0" encoding="UTF-8" ?>
<!-- generated at Wed Apr 16 09:52:33 CST 2014 -->
<!DOCTYPE mapper
    PUBLIC "-//mybatis.org//DTD Mapper 3.0//EN"
    "http://mybatis.org/dtd/mybatis-3-mapper.dtd">
<mapper namespace="rm.sys.entity.TbGraphshowmode">
<sql id="fields">
CURSHOWMODE, ENTITYID, FIXCOLOR, ICONDIR, ID, LINETHICK, LINETYPE, STATUS, STATUSTYPEDEF
</sql>
<resultMap id="rm.sys.entity.TbGraphshowmodeResultMap" type="rm.sys.entity.TbGraphshowmode">
<id property="id" column="ID"/>
</resultMap>
<select id="get" parameterType="long" resultType="rm.sys.entity.TbGraphshowmode">
select * from TB_GRAPHSHOWMODE where ID = #{value}
</select>
<select id="getAll" parameterType="long" resultType="rm.sys.entity.TbGraphshowmode">
select * from TB_GRAPHSHOWMODE where rownum &lt; 300
<if test="value != null">order by ${value}</if>
</select>
<insert id="insert" parameterType="rm.sys.entity.TbGraphshowmode">
<selectKey keyProperty="id" resultType="long" order="BEFORE">
select seq_TB_GRAPHSHOWMODE.nextval from dual
</selectKey>
insert into TB_GRAPHSHOWMODE (<include refid="fields"/>) values(
#{curshowmode}, #{entityid}, #{fixcolor}, #{icondir}, #{id}, #{linethick}, #{linetype}, #{status}, #{statustypedef})
</insert>
<update id="update" parameterType="rm.sys.entity.TbGraphshowmode">
update TB_GRAPHSHOWMODE set
CURSHOWMODE = #{curshowmode}, ENTITYID = #{entityid}, FIXCOLOR = #{fixcolor}, ICONDIR = #{icondir}, ID = #{id}, LINETHICK = #{linethick}, LINETYPE = #{linetype}, STATUS = #{status}, STATUSTYPEDEF = #{statustypedef} where ID = #{id}
</update>
<delete id="delete" parameterType="list">
delete from TB_GRAPHSHOWMODE where ID in
<foreach item="item" index="index" collection="list"
	open="(" separator=", " close=")">#{item}</foreach>
</delete>
</mapper>
