<?xml version="1.0" encoding="UTF-8" ?>
<!-- generated at Wed Apr 16 09:52:32 CST 2014 -->
<!DOCTYPE mapper
    PUBLIC "-//mybatis.org//DTD Mapper 3.0//EN"
    "http://mybatis.org/dtd/mybatis-3-mapper.dtd">
<mapper namespace="rm.sys.entity.SysDbprivsCompent">
<sql id="fields">
CMPCODE, CMPID, CMPNAME, CUBEID, DB_PRIV_CP, DB_PRIV_GP, DB_PRIV_LV, DB_PRIV_TREELV, FACCODE, FACNAME, ID, IS_CRT, PARENTID, WJC_FLAG
</sql>
<resultMap id="rm.sys.entity.SysDbprivsCompentResultMap" type="rm.sys.entity.SysDbprivsCompent">
<id property="id" column="ID"/>
<result property="dbPrivCp" column="DB_PRIV_CP"/>
<result property="dbPrivGp" column="DB_PRIV_GP"/>
<result property="dbPrivLv" column="DB_PRIV_LV"/>
<result property="dbPrivTreelv" column="DB_PRIV_TREELV"/>
<result property="isCrt" column="IS_CRT"/>
<result property="wjcFlag" column="WJC_FLAG"/>
</resultMap>
<select id="get" parameterType="string" resultType="rm.sys.entity.SysDbprivsCompent">
select * from SYS_DBPRIVS_COMPENT where ID = #{value}
</select>
<select id="getAll" parameterType="string" resultType="rm.sys.entity.SysDbprivsCompent">
select * from SYS_DBPRIVS_COMPENT where rownum &lt; 300
<if test="value != null">order by ${value}</if>
</select>
<insert id="insert" parameterType="rm.sys.entity.SysDbprivsCompent">
<selectKey keyProperty="id" resultType="string" order="BEFORE">
select seq_SYS_DBPRIVS_COMPENT.nextval from dual
</selectKey>
insert into SYS_DBPRIVS_COMPENT (<include refid="fields"/>) values(
#{cmpcode}, #{cmpid}, #{cmpname}, #{cubeid}, #{dbPrivCp}, #{dbPrivGp}, #{dbPrivLv}, #{dbPrivTreelv}, #{faccode}, #{facname}, #{id}, #{isCrt}, #{parentid}, #{wjcFlag})
</insert>
<update id="update" parameterType="rm.sys.entity.SysDbprivsCompent">
update SYS_DBPRIVS_COMPENT set
CMPCODE = #{cmpcode}, CMPID = #{cmpid}, CMPNAME = #{cmpname}, CUBEID = #{cubeid}, DB_PRIV_CP = #{dbPrivCp}, DB_PRIV_GP = #{dbPrivGp}, DB_PRIV_LV = #{dbPrivLv}, DB_PRIV_TREELV = #{dbPrivTreelv}, FACCODE = #{faccode}, FACNAME = #{facname}, ID = #{id}, IS_CRT = #{isCrt}, PARENTID = #{parentid}, WJC_FLAG = #{wjcFlag} where ID = #{id}
</update>
<delete id="delete" parameterType="list">
delete from SYS_DBPRIVS_COMPENT where ID in
<foreach item="item" index="index" collection="list"
	open="(" separator=", " close=")">#{item}</foreach>
</delete>
</mapper>
