<?xml version="1.0" encoding="UTF-8" ?>
<!-- generated at Wed Apr 16 09:52:36 CST 2014 -->
<!DOCTYPE mapper
    PUBLIC "-//mybatis.org//DTD Mapper 3.0//EN"
    "http://mybatis.org/dtd/mybatis-3-mapper.dtd">
<mapper namespace="rm.sys.pip.entity.PipCableroom">
<sql id="fields">
AREA, ASSETNO, ASSETVALUE, CHECKPOINT, CHILDASSCARD, CJDATE, CJMAN, CJUNIT, CRCODE, DEPRECIATION, EDITOR, ENTITYID, FACID, FACSTATUS, FINISHTIME, HEIGHT, PARENTASSCARD, PROJECTID, PROPERTYRIGHT, RECDATE, RECORDER, REGIONID, REMARK, SEALEVEL, STATIONID, WBOXFACTORY, WBOXMODEL, X, Y, Z
</sql>
<resultMap id="rm.sys.pip.entity.PipCableroomResultMap" type="rm.sys.pip.entity.PipCableroom">
<id property="facid" column="FACID"/>
</resultMap>
<select id="get" parameterType="long" resultType="rm.sys.pip.entity.PipCableroom">
select * from PIP_CABLEROOM where FACID = #{value}
</select>
<select id="getAll" parameterType="long" resultType="rm.sys.pip.entity.PipCableroom">
select * from PIP_CABLEROOM where rownum &lt; 300
<if test="value != null">order by ${value}</if>
</select>
<insert id="insert" parameterType="rm.sys.pip.entity.PipCableroom">
insert into PIP_CABLEROOM (<include refid="fields"/>) values(
#{area}, #{assetno}, #{assetvalue}, #{checkpoint}, #{childasscard}, #{cjdate}, #{cjman}, #{cjunit}, #{crcode}, #{depreciation}, #{editor}, #{entityid}, #{facid}, #{facstatus}, #{finishtime}, #{height}, #{parentasscard}, #{projectid}, #{propertyright}, #{recdate}, #{recorder}, #{regionid}, #{remark}, #{sealevel}, #{stationid}, #{wboxfactory}, #{wboxmodel}, #{x}, #{y}, #{z})
</insert>
<update id="update" parameterType="rm.sys.pip.entity.PipCableroom">
update PIP_CABLEROOM set
AREA = #{area}, ASSETNO = #{assetno}, ASSETVALUE = #{assetvalue}, CHECKPOINT = #{checkpoint}, CHILDASSCARD = #{childasscard}, CJDATE = #{cjdate}, CJMAN = #{cjman}, CJUNIT = #{cjunit}, CRCODE = #{crcode}, DEPRECIATION = #{depreciation}, EDITOR = #{editor}, ENTITYID = #{entityid}, FACID = #{facid}, FACSTATUS = #{facstatus}, FINISHTIME = #{finishtime}, HEIGHT = #{height}, PARENTASSCARD = #{parentasscard}, PROJECTID = #{projectid}, PROPERTYRIGHT = #{propertyright}, RECDATE = #{recdate}, RECORDER = #{recorder}, REGIONID = #{regionid}, REMARK = #{remark}, SEALEVEL = #{sealevel}, STATIONID = #{stationid}, WBOXFACTORY = #{wboxfactory}, WBOXMODEL = #{wboxmodel}, X = #{x}, Y = #{y}, Z = #{z} where FACID = #{facid}
</update>
<delete id="delete" parameterType="list">
delete from PIP_CABLEROOM where FACID in
<foreach item="item" index="index" collection="list"
	open="(" separator=", " close=")">#{item}</foreach>
</delete>
</mapper>
