<?xml version="1.0" encoding="UTF-8" ?>
<!-- generated at Wed Apr 16 09:52:32 CST 2014 -->
<!DOCTYPE mapper
    PUBLIC "-//mybatis.org//DTD Mapper 3.0//EN"
    "http://mybatis.org/dtd/mybatis-3-mapper.dtd">
<mapper namespace="rm.sys.entity.TbLinkroute">
<sql id="fields">
BUNDLESEQNO, CCID, CHILDLINKID, CODEID, COMMENTS, CREATEDATE, ID, METACATEGORY, MODIFYDATE, NMAREACODE, NMID, NMSPEC, ORIENTATION, PARENTINDICATOR, PARENTLINKID, PORTID, PROTECTIONSTATUS, RESTYPE, ROUTESEQNO, ROUTETYPE, TIMESLOT, TIMESLOTID, VERSION
</sql>
<resultMap id="rm.sys.entity.TbLinkrouteResultMap" type="rm.sys.entity.TbLinkroute">
<id property="id" column="ID"/>
</resultMap>
<select id="get" parameterType="long" resultType="rm.sys.entity.TbLinkroute">
select * from TB_LINKROUTE where ID = #{value}
</select>
<select id="getAll" parameterType="long" resultType="rm.sys.entity.TbLinkroute">
select * from TB_LINKROUTE where rownum &lt; 300
<if test="value != null">order by ${value}</if>
</select>
<insert id="insert" parameterType="rm.sys.entity.TbLinkroute">
insert into TB_LINKROUTE (<include refid="fields"/>) values(
#{bundleseqno}, #{ccid}, #{childlinkid}, #{codeid}, #{comments}, #{createdate}, #{id}, #{metacategory}, #{modifydate}, #{nmareacode}, #{nmid}, #{nmspec}, #{orientation}, #{parentindicator}, #{parentlinkid}, #{portid}, #{protectionstatus}, #{restype}, #{routeseqno}, #{routetype}, #{timeslot}, #{timeslotid}, #{version})
</insert>
<update id="update" parameterType="rm.sys.entity.TbLinkroute">
update TB_LINKROUTE set
BUNDLESEQNO = #{bundleseqno}, CCID = #{ccid}, CHILDLINKID = #{childlinkid}, CODEID = #{codeid}, COMMENTS = #{comments}, CREATEDATE = #{createdate}, ID = #{id}, METACATEGORY = #{metacategory}, MODIFYDATE = #{modifydate}, NMAREACODE = #{nmareacode}, NMID = #{nmid}, NMSPEC = #{nmspec}, ORIENTATION = #{orientation}, PARENTINDICATOR = #{parentindicator}, PARENTLINKID = #{parentlinkid}, PORTID = #{portid}, PROTECTIONSTATUS = #{protectionstatus}, RESTYPE = #{restype}, ROUTESEQNO = #{routeseqno}, ROUTETYPE = #{routetype}, TIMESLOT = #{timeslot}, TIMESLOTID = #{timeslotid}, VERSION = #{version} where ID = #{id}
</update>
<delete id="delete" parameterType="list">
delete from TB_LINKROUTE where ID in
<foreach item="item" index="index" collection="list"
	open="(" separator=", " close=")">#{item}</foreach>
</delete>
</mapper>
