<?xml version="1.0" encoding="UTF-8" ?>
<!-- generated at Wed Apr 16 09:52:35 CST 2014 -->
<!DOCTYPE mapper
    PUBLIC "-//mybatis.org//DTD Mapper 3.0//EN"
    "http://mybatis.org/dtd/mybatis-3-mapper.dtd">
<mapper namespace="rm.sys.pip.entity.PipManhole">
<sql id="fields">
ADDRESS, ANGLE, ASSETNO, ASSETREMARK, ASSETVALUE, ASSSTATUS, BUILDWAY, CAPHEI, CAPNUM, CAPSHAPE, CAPSIZE, CHECKPOINT, CHILDASSCARD, CJDATE, CJMAN, CJUNIT, CLIENTID, CONTACTTEL, DEPRECIATION, DUTYMAN, EDITOR, ENTITYID, FACID, FACSTATUS, FINISHNO, FINISHTIME, HOLE, HOLECAP, HOLECAPMAT, HOLECAPTHI, HOLECODE, HOLEDEPTH, HOLEHEI, HOLELEN, HOLEMAT, HOLEMODEL, HOLENAME, HOLESHAPE, HOLESTYLE, HOLETYPE, HOLEWID, LATITUDE, LONGITUDE, MAINTAIN, MAINTAINUNIT, OUTUNIT, PARENTASSCARD, PASSWORD, PIPEID, PROJECTID, PROPERTYRIGHT, RECDATE, RECORDER, REGIONID, REMARK, ROADDIST, ROADNAME, SEALEVEL, STATIONID, USEDEPT, VTPROP, X, Y, Z
</sql>
<resultMap id="rm.sys.pip.entity.PipManholeResultMap" type="rm.sys.pip.entity.PipManhole">
<id property="facid" column="FACID"/>
</resultMap>
<select id="get" parameterType="long" resultType="rm.sys.pip.entity.PipManhole">
select * from PIP_MANHOLE where FACID = #{value}
</select>
<select id="getAll" parameterType="long" resultType="rm.sys.pip.entity.PipManhole">
select * from PIP_MANHOLE where rownum &lt; 300
<if test="value != null">order by ${value}</if>
</select>
<insert id="insert" parameterType="rm.sys.pip.entity.PipManhole">
insert into PIP_MANHOLE (<include refid="fields"/>) values(
#{address}, #{angle}, #{assetno}, #{assetremark}, #{assetvalue}, #{assstatus}, #{buildway}, #{caphei}, #{capnum}, #{capshape}, #{capsize}, #{checkpoint}, #{childasscard}, #{cjdate}, #{cjman}, #{cjunit}, #{clientid}, #{contacttel}, #{depreciation}, #{dutyman}, #{editor}, #{entityid}, #{facid}, #{facstatus}, #{finishno}, #{finishtime}, #{hole}, #{holecap}, #{holecapmat}, #{holecapthi}, #{holecode}, #{holedepth}, #{holehei}, #{holelen}, #{holemat}, #{holemodel}, #{holename}, #{holeshape}, #{holestyle}, #{holetype}, #{holewid}, #{latitude}, #{longitude}, #{maintain}, #{maintainunit}, #{outunit}, #{parentasscard}, #{password}, #{pipeid}, #{projectid}, #{propertyright}, #{recdate}, #{recorder}, #{regionid}, #{remark}, #{roaddist}, #{roadname}, #{sealevel}, #{stationid}, #{usedept}, #{vtprop}, #{x}, #{y}, #{z})
</insert>
<update id="update" parameterType="rm.sys.pip.entity.PipManhole">
update PIP_MANHOLE set
ADDRESS = #{address}, ANGLE = #{angle}, ASSETNO = #{assetno}, ASSETREMARK = #{assetremark}, ASSETVALUE = #{assetvalue}, ASSSTATUS = #{assstatus}, BUILDWAY = #{buildway}, CAPHEI = #{caphei}, CAPNUM = #{capnum}, CAPSHAPE = #{capshape}, CAPSIZE = #{capsize}, CHECKPOINT = #{checkpoint}, CHILDASSCARD = #{childasscard}, CJDATE = #{cjdate}, CJMAN = #{cjman}, CJUNIT = #{cjunit}, CLIENTID = #{clientid}, CONTACTTEL = #{contacttel}, DEPRECIATION = #{depreciation}, DUTYMAN = #{dutyman}, EDITOR = #{editor}, ENTITYID = #{entityid}, FACID = #{facid}, FACSTATUS = #{facstatus}, FINISHNO = #{finishno}, FINISHTIME = #{finishtime}, HOLE = #{hole}, HOLECAP = #{holecap}, HOLECAPMAT = #{holecapmat}, HOLECAPTHI = #{holecapthi}, HOLECODE = #{holecode}, HOLEDEPTH = #{holedepth}, HOLEHEI = #{holehei}, HOLELEN = #{holelen}, HOLEMAT = #{holemat}, HOLEMODEL = #{holemodel}, HOLENAME = #{holename}, HOLESHAPE = #{holeshape}, HOLESTYLE = #{holestyle}, HOLETYPE = #{holetype}, HOLEWID = #{holewid}, LATITUDE = #{latitude}, LONGITUDE = #{longitude}, MAINTAIN = #{maintain}, MAINTAINUNIT = #{maintainunit}, OUTUNIT = #{outunit}, PARENTASSCARD = #{parentasscard}, PASSWORD = #{password}, PIPEID = #{pipeid}, PROJECTID = #{projectid}, PROPERTYRIGHT = #{propertyright}, RECDATE = #{recdate}, RECORDER = #{recorder}, REGIONID = #{regionid}, REMARK = #{remark}, ROADDIST = #{roaddist}, ROADNAME = #{roadname}, SEALEVEL = #{sealevel}, STATIONID = #{stationid}, USEDEPT = #{usedept}, VTPROP = #{vtprop}, X = #{x}, Y = #{y}, Z = #{z} where FACID = #{facid}
</update>
<delete id="delete" parameterType="list">
delete from PIP_MANHOLE where FACID in
<foreach item="item" index="index" collection="list"
	open="(" separator=", " close=")">#{item}</foreach>
</delete>
</mapper>
