<?xml version="1.0" encoding="UTF-8" ?>
<!-- generated at Wed Apr 16 09:52:32 CST 2014 -->
<!DOCTYPE mapper
    PUBLIC "-//mybatis.org//DTD Mapper 3.0//EN"
    "http://mybatis.org/dtd/mybatis-3-mapper.dtd">
<mapper namespace="rm.sys.entity.TbLink">
<sql id="fields">
ACONTAINERID, AGDADDRESSID, ALIAS, ALOCATIONID, AMANAGEMENTAREAID, AMEID, APORTID, ARCHIVEDATE, AREAID, ASSEMBLECODE, ASSEMBLENAME, BACKUPCIRCUITID, BANDWIDTHID, CASCADESTATUS, CHILDPROTMODE, CODE, COMMENTS, CONTAINLINKID, CREATEDATE, DIRECTION, DN, FREEBANDWIDTH, HISTORYTYPE, ID, INSPECTDATE, ISASON, ISBACKUPFORPROVISION, ISCORRECT, ISFROMPROJECT, ISROUTECOMPLETE, ISSPECIALNET, LIFECYCLE, LINKTYPEID, LOGICALNO, MAINORBACKUP, MAPRULEID, MAXBANDWIDTH, METACATEGORY, MIGRATIONSTATUS, MIGRATIONSTATUSDETAIL, MODIFYDATE, NAME, NAMEALIAS, NATIVEEMSNAME, NMAREACODE, NMID, NMSPEC, NOTPASSREASON, OPPLINKID, PARENTID, PHYSICALSTATUS, PHYSICALSTATUSDETAIL, PRODINSID, PRODUCTSPEC, PROJECTID, PROJECTSERIALNO, PROJECTSTATUS, PROTECTINGOBJID, PROTECTIONSTATUS, PROVISIONSTATUS, REGIONID, RESSERVINSID, RESTYPE, SABANDWIDTHID, SEQNO, SERIALNO, SERVICESTATUS, SERVICESTATUSDETAIL, SERVICETYPE, STRUCTURE, USABILITY, USERLABEL, VERSION, VLAN, ZCONTAINERID, ZGDADDRESSID, ZLOCATIONID, ZMANAGEMENTAREAID, ZMEID, ZPORTID
</sql>
<resultMap id="rm.sys.entity.TbLinkResultMap" type="rm.sys.entity.TbLink">
<id property="id" column="ID"/>
</resultMap>
<select id="get" parameterType="long" resultType="rm.sys.entity.TbLink">
select * from TB_LINK where ID = #{value}
</select>
<select id="getAll" parameterType="long" resultType="rm.sys.entity.TbLink">
select * from TB_LINK where rownum &lt; 300
<if test="value != null">order by ${value}</if>
</select>
<insert id="insert" parameterType="rm.sys.entity.TbLink">
insert into TB_LINK (<include refid="fields"/>) values(
#{acontainerid}, #{agdaddressid}, #{alias}, #{alocationid}, #{amanagementareaid}, #{ameid}, #{aportid}, #{archivedate}, #{areaid}, #{assemblecode}, #{assemblename}, #{backupcircuitid}, #{bandwidthid}, #{cascadestatus}, #{childprotmode}, #{code}, #{comments}, #{containlinkid}, #{createdate}, #{direction}, #{dn}, #{freebandwidth}, #{historytype}, #{id}, #{inspectdate}, #{isason}, #{isbackupforprovision}, #{iscorrect}, #{isfromproject}, #{isroutecomplete}, #{isspecialnet}, #{lifecycle}, #{linktypeid}, #{logicalno}, #{mainorbackup}, #{mapruleid}, #{maxbandwidth}, #{metacategory}, #{migrationstatus}, #{migrationstatusdetail}, #{modifydate}, #{name}, #{namealias}, #{nativeemsname}, #{nmareacode}, #{nmid}, #{nmspec}, #{notpassreason}, #{opplinkid}, #{parentid}, #{physicalstatus}, #{physicalstatusdetail}, #{prodinsid}, #{productspec}, #{projectid}, #{projectserialno}, #{projectstatus}, #{protectingobjid}, #{protectionstatus}, #{provisionstatus}, #{regionid}, #{resservinsid}, #{restype}, #{sabandwidthid}, #{seqno}, #{serialno}, #{servicestatus}, #{servicestatusdetail}, #{servicetype}, #{structure}, #{usability}, #{userlabel}, #{version}, #{vlan}, #{zcontainerid}, #{zgdaddressid}, #{zlocationid}, #{zmanagementareaid}, #{zmeid}, #{zportid})
</insert>
<update id="update" parameterType="rm.sys.entity.TbLink">
update TB_LINK set
ACONTAINERID = #{acontainerid}, AGDADDRESSID = #{agdaddressid}, ALIAS = #{alias}, ALOCATIONID = #{alocationid}, AMANAGEMENTAREAID = #{amanagementareaid}, AMEID = #{ameid}, APORTID = #{aportid}, ARCHIVEDATE = #{archivedate}, AREAID = #{areaid}, ASSEMBLECODE = #{assemblecode}, ASSEMBLENAME = #{assemblename}, BACKUPCIRCUITID = #{backupcircuitid}, BANDWIDTHID = #{bandwidthid}, CASCADESTATUS = #{cascadestatus}, CHILDPROTMODE = #{childprotmode}, CODE = #{code}, COMMENTS = #{comments}, CONTAINLINKID = #{containlinkid}, CREATEDATE = #{createdate}, DIRECTION = #{direction}, DN = #{dn}, FREEBANDWIDTH = #{freebandwidth}, HISTORYTYPE = #{historytype}, ID = #{id}, INSPECTDATE = #{inspectdate}, ISASON = #{isason}, ISBACKUPFORPROVISION = #{isbackupforprovision}, ISCORRECT = #{iscorrect}, ISFROMPROJECT = #{isfromproject}, ISROUTECOMPLETE = #{isroutecomplete}, ISSPECIALNET = #{isspecialnet}, LIFECYCLE = #{lifecycle}, LINKTYPEID = #{linktypeid}, LOGICALNO = #{logicalno}, MAINORBACKUP = #{mainorbackup}, MAPRULEID = #{mapruleid}, MAXBANDWIDTH = #{maxbandwidth}, METACATEGORY = #{metacategory}, MIGRATIONSTATUS = #{migrationstatus}, MIGRATIONSTATUSDETAIL = #{migrationstatusdetail}, MODIFYDATE = #{modifydate}, NAME = #{name}, NAMEALIAS = #{namealias}, NATIVEEMSNAME = #{nativeemsname}, NMAREACODE = #{nmareacode}, NMID = #{nmid}, NMSPEC = #{nmspec}, NOTPASSREASON = #{notpassreason}, OPPLINKID = #{opplinkid}, PARENTID = #{parentid}, PHYSICALSTATUS = #{physicalstatus}, PHYSICALSTATUSDETAIL = #{physicalstatusdetail}, PRODINSID = #{prodinsid}, PRODUCTSPEC = #{productspec}, PROJECTID = #{projectid}, PROJECTSERIALNO = #{projectserialno}, PROJECTSTATUS = #{projectstatus}, PROTECTINGOBJID = #{protectingobjid}, PROTECTIONSTATUS = #{protectionstatus}, PROVISIONSTATUS = #{provisionstatus}, REGIONID = #{regionid}, RESSERVINSID = #{resservinsid}, RESTYPE = #{restype}, SABANDWIDTHID = #{sabandwidthid}, SEQNO = #{seqno}, SERIALNO = #{serialno}, SERVICESTATUS = #{servicestatus}, SERVICESTATUSDETAIL = #{servicestatusdetail}, SERVICETYPE = #{servicetype}, STRUCTURE = #{structure}, USABILITY = #{usability}, USERLABEL = #{userlabel}, VERSION = #{version}, VLAN = #{vlan}, ZCONTAINERID = #{zcontainerid}, ZGDADDRESSID = #{zgdaddressid}, ZLOCATIONID = #{zlocationid}, ZMANAGEMENTAREAID = #{zmanagementareaid}, ZMEID = #{zmeid}, ZPORTID = #{zportid} where ID = #{id}
</update>
<delete id="delete" parameterType="list">
delete from TB_LINK where ID in
<foreach item="item" index="index" collection="list"
	open="(" separator=", " close=")">#{item}</foreach>
</delete>
</mapper>
