<?xml version="1.0" encoding="UTF-8" ?>
<!-- generated at Wed Apr 16 09:52:35 CST 2014 -->
<!DOCTYPE mapper
    PUBLIC "-//mybatis.org//DTD Mapper 3.0//EN"
    "http://mybatis.org/dtd/mybatis-3-mapper.dtd">
<mapper namespace="rm.sys.pip.entity.PipSegment">
<sql id="fields">
ADDRESS, ASSETNO, ASSETREMARK, ASSETVALUE, ASSSTATUS, BUILDWAY, CHILDASSCARD, CJDATE, CJMAN, CJUNIT, CLIENTID, CONSTRUCTFLAG, CONSTRUCTION, CONSTRUCTNO, COVERMAT, DEPRECIATION, DUTYMAN, DX, DY, EDITOR, ENDDEPTH, ENDDISPLAYNO, ENDFACID, ENDFACNO, ENDFACTYPE, ENDHEI, ENDSECTION, ENDWELLX1, ENDWELLX2, ENDWELLY1, ENDWELLY2, ENDWID, ENDX, ENDY, ENTITYID, FACSTATUS, FINISHTIME, HOLECOLNUM, HOLENUMBAD, HOLENUMIDLE, HOLENUMPREUSED, HOLENUMTOTAL, HOLENUMUSE, HOLEROWNUM, MAINTAIN, MAPPLENGTH, NOMIRRORMOVE, OUTUNIT, PARENTASSCARD, PIPEID, PIPELEVEL, PIPETYPE, PIPHIREID, PLENGTH, PROJECTID, PROPERTYRIGHT, PSEGCODE, PSEGID, PSEGNAME, RECDATE, RECORDER, REGIONID, REMARK, RENTEDTIME, ROADMAT, ROADNAME, STATIONID, STDEPTH, STDISPLAYNO, STFACID, STFACNO, STFACTYPE, STHEI, STSECTION, STWELLX1, STWELLX2, STWELLY1, STWELLY2, STWID, STX, STY, USEDEPT, ZSID
</sql>
<resultMap id="rm.sys.pip.entity.PipSegmentResultMap" type="rm.sys.pip.entity.PipSegment">
<id property="psegid" column="PSEGID"/>
</resultMap>
<select id="get" parameterType="long" resultType="rm.sys.pip.entity.PipSegment">
select * from PIP_SEGMENT where PSEGID = #{value}
</select>
<select id="getAll" parameterType="long" resultType="rm.sys.pip.entity.PipSegment">
select * from PIP_SEGMENT where rownum &lt; 300
<if test="value != null">order by ${value}</if>
</select>
<insert id="insert" parameterType="rm.sys.pip.entity.PipSegment">
insert into PIP_SEGMENT (<include refid="fields"/>) values(
#{address}, #{assetno}, #{assetremark}, #{assetvalue}, #{assstatus}, #{buildway}, #{childasscard}, #{cjdate}, #{cjman}, #{cjunit}, #{clientid}, #{constructflag}, #{construction}, #{constructno}, #{covermat}, #{depreciation}, #{dutyman}, #{dx}, #{dy}, #{editor}, #{enddepth}, #{enddisplayno}, #{endfacid}, #{endfacno}, #{endfactype}, #{endhei}, #{endsection}, #{endwellx1}, #{endwellx2}, #{endwelly1}, #{endwelly2}, #{endwid}, #{endx}, #{endy}, #{entityid}, #{facstatus}, #{finishtime}, #{holecolnum}, #{holenumbad}, #{holenumidle}, #{holenumpreused}, #{holenumtotal}, #{holenumuse}, #{holerownum}, #{maintain}, #{mapplength}, #{nomirrormove}, #{outunit}, #{parentasscard}, #{pipeid}, #{pipelevel}, #{pipetype}, #{piphireid}, #{plength}, #{projectid}, #{propertyright}, #{psegcode}, #{psegid}, #{psegname}, #{recdate}, #{recorder}, #{regionid}, #{remark}, #{rentedtime}, #{roadmat}, #{roadname}, #{stationid}, #{stdepth}, #{stdisplayno}, #{stfacid}, #{stfacno}, #{stfactype}, #{sthei}, #{stsection}, #{stwellx1}, #{stwellx2}, #{stwelly1}, #{stwelly2}, #{stwid}, #{stx}, #{sty}, #{usedept}, #{zsid})
</insert>
<update id="update" parameterType="rm.sys.pip.entity.PipSegment">
update PIP_SEGMENT set
ADDRESS = #{address}, ASSETNO = #{assetno}, ASSETREMARK = #{assetremark}, ASSETVALUE = #{assetvalue}, ASSSTATUS = #{assstatus}, BUILDWAY = #{buildway}, CHILDASSCARD = #{childasscard}, CJDATE = #{cjdate}, CJMAN = #{cjman}, CJUNIT = #{cjunit}, CLIENTID = #{clientid}, CONSTRUCTFLAG = #{constructflag}, CONSTRUCTION = #{construction}, CONSTRUCTNO = #{constructno}, COVERMAT = #{covermat}, DEPRECIATION = #{depreciation}, DUTYMAN = #{dutyman}, DX = #{dx}, DY = #{dy}, EDITOR = #{editor}, ENDDEPTH = #{enddepth}, ENDDISPLAYNO = #{enddisplayno}, ENDFACID = #{endfacid}, ENDFACNO = #{endfacno}, ENDFACTYPE = #{endfactype}, ENDHEI = #{endhei}, ENDSECTION = #{endsection}, ENDWELLX1 = #{endwellx1}, ENDWELLX2 = #{endwellx2}, ENDWELLY1 = #{endwelly1}, ENDWELLY2 = #{endwelly2}, ENDWID = #{endwid}, ENDX = #{endx}, ENDY = #{endy}, ENTITYID = #{entityid}, FACSTATUS = #{facstatus}, FINISHTIME = #{finishtime}, HOLECOLNUM = #{holecolnum}, HOLENUMBAD = #{holenumbad}, HOLENUMIDLE = #{holenumidle}, HOLENUMPREUSED = #{holenumpreused}, HOLENUMTOTAL = #{holenumtotal}, HOLENUMUSE = #{holenumuse}, HOLEROWNUM = #{holerownum}, MAINTAIN = #{maintain}, MAPPLENGTH = #{mapplength}, NOMIRRORMOVE = #{nomirrormove}, OUTUNIT = #{outunit}, PARENTASSCARD = #{parentasscard}, PIPEID = #{pipeid}, PIPELEVEL = #{pipelevel}, PIPETYPE = #{pipetype}, PIPHIREID = #{piphireid}, PLENGTH = #{plength}, PROJECTID = #{projectid}, PROPERTYRIGHT = #{propertyright}, PSEGCODE = #{psegcode}, PSEGID = #{psegid}, PSEGNAME = #{psegname}, RECDATE = #{recdate}, RECORDER = #{recorder}, REGIONID = #{regionid}, REMARK = #{remark}, RENTEDTIME = #{rentedtime}, ROADMAT = #{roadmat}, ROADNAME = #{roadname}, STATIONID = #{stationid}, STDEPTH = #{stdepth}, STDISPLAYNO = #{stdisplayno}, STFACID = #{stfacid}, STFACNO = #{stfacno}, STFACTYPE = #{stfactype}, STHEI = #{sthei}, STSECTION = #{stsection}, STWELLX1 = #{stwellx1}, STWELLX2 = #{stwellx2}, STWELLY1 = #{stwelly1}, STWELLY2 = #{stwelly2}, STWID = #{stwid}, STX = #{stx}, STY = #{sty}, USEDEPT = #{usedept}, ZSID = #{zsid} where PSEGID = #{psegid}
</update>
<delete id="delete" parameterType="list">
delete from PIP_SEGMENT where PSEGID in
<foreach item="item" index="index" collection="list"
	open="(" separator=", " close=")">#{item}</foreach>
</delete>
</mapper>
