<?xml version="1.0" encoding="UTF-8" ?>
<!-- generated at Wed Apr 16 09:52:34 CST 2014 -->
<!DOCTYPE mapper
    PUBLIC "-//mybatis.org//DTD Mapper 3.0//EN"
    "http://mybatis.org/dtd/mybatis-3-mapper.dtd">
<mapper namespace="rm.sys.entity.SysMgttemplatetbl">
<sql id="fields">
COMMENTS, ENTITYMGTTEMPLATEID, FIXEDCOLUMN, ID, ISREADONLY, LABEL, NAME, ROWHIGHT, UNIFLAG, WJC_FLAG
</sql>
<resultMap id="rm.sys.entity.SysMgttemplatetblResultMap" type="rm.sys.entity.SysMgttemplatetbl">
<id property="id" column="ID"/>
<result property="wjcFlag" column="WJC_FLAG"/>
</resultMap>
<select id="get" parameterType="long" resultType="rm.sys.entity.SysMgttemplatetbl">
select * from SYS_MGTTEMPLATETBL where ID = #{value}
</select>
<select id="getAll" parameterType="long" resultType="rm.sys.entity.SysMgttemplatetbl">
select * from SYS_MGTTEMPLATETBL where rownum &lt; 300
<if test="value != null">order by ${value}</if>
</select>
<insert id="insert" parameterType="rm.sys.entity.SysMgttemplatetbl">
insert into SYS_MGTTEMPLATETBL (<include refid="fields"/>) values(
#{comments}, #{entitymgttemplateid}, #{fixedcolumn}, #{id}, #{isreadonly}, #{label}, #{name}, #{rowhight}, #{uniflag}, #{wjcFlag})
</insert>
<update id="update" parameterType="rm.sys.entity.SysMgttemplatetbl">
update SYS_MGTTEMPLATETBL set
COMMENTS = #{comments}, ENTITYMGTTEMPLATEID = #{entitymgttemplateid}, FIXEDCOLUMN = #{fixedcolumn}, ID = #{id}, ISREADONLY = #{isreadonly}, LABEL = #{label}, NAME = #{name}, ROWHIGHT = #{rowhight}, UNIFLAG = #{uniflag}, WJC_FLAG = #{wjcFlag} where ID = #{id}
</update>
<delete id="delete" parameterType="list">
delete from SYS_MGTTEMPLATETBL where ID in
<foreach item="item" index="index" collection="list"
	open="(" separator=", " close=")">#{item}</foreach>
</delete>
</mapper>
