<?xml version="1.0" encoding="UTF-8" ?>
<!-- generated at Wed Apr 16 09:52:33 CST 2014 -->
<!DOCTYPE mapper
    PUBLIC "-//mybatis.org//DTD Mapper 3.0//EN"
    "http://mybatis.org/dtd/mybatis-3-mapper.dtd">
<mapper namespace="rm.sys.entity.ResRoleCubecmpRel">
<sql id="fields">
CMPID, KEYID, ROLEID
</sql>
<resultMap id="rm.sys.entity.ResRoleCubecmpRelResultMap" type="rm.sys.entity.ResRoleCubecmpRel">
<id property="keyid" column="KEYID"/>
</resultMap>
<select id="get" parameterType="long" resultType="rm.sys.entity.ResRoleCubecmpRel">
select * from RES_ROLE_CUBECMP_REL where KEYID = #{value}
</select>
<select id="getAll" parameterType="long" resultType="rm.sys.entity.ResRoleCubecmpRel">
select * from RES_ROLE_CUBECMP_REL where rownum &lt; 300
<if test="value != null">order by ${value}</if>
</select>
<insert id="insert" parameterType="rm.sys.entity.ResRoleCubecmpRel">
insert into RES_ROLE_CUBECMP_REL (<include refid="fields"/>) values(
#{cmpid}, #{keyid}, #{roleid})
</insert>
<update id="update" parameterType="rm.sys.entity.ResRoleCubecmpRel">
update RES_ROLE_CUBECMP_REL set
CMPID = #{cmpid}, KEYID = #{keyid}, ROLEID = #{roleid} where KEYID = #{keyid}
</update>
<delete id="delete" parameterType="list">
delete from RES_ROLE_CUBECMP_REL where KEYID in
<foreach item="item" index="index" collection="list"
	open="(" separator=", " close=")">#{item}</foreach>
</delete>
</mapper>
