<?xml version="1.0" encoding="UTF-8" ?>
<!-- generated at Wed Apr 16 09:52:36 CST 2014 -->
<!DOCTYPE mapper
    PUBLIC "-//mybatis.org//DTD Mapper 3.0//EN"
    "http://mybatis.org/dtd/mybatis-3-mapper.dtd">
<mapper namespace="rm.sys.pip.entity.PipHanglineseg">
<sql id="fields">
ASSETNO, ASSSTATUS, BUILDWAY, CHILDASSCARD, CJDATE, CJMAN, CJUNIT, CLIENTID, DUTYMAN, EDITOR, ENDFACID, ENDFACTYPE, ENTITYID, FACSTATUS, FINISHTIME, HLID, HLINELEN, HLINEMAT, HLINEMODEL, HLSEGCODE, HLSEGID, HLSEGTYPE, LDXFLAG, MAINTAIN, PARENTASSCARD, PIPEID, PROJECTID, PROPERTYRIGHT, PROUTEID, REALLEN, RECDATE, RECORDER, REGIONID, REMARK, RENTEDTIME, SETONNUM, SROUTEIDSTR, STATIONID, STFACID, STFACTYPE, USEDEPT, VTPROP, ZSID
</sql>
<resultMap id="rm.sys.pip.entity.PipHanglinesegResultMap" type="rm.sys.pip.entity.PipHanglineseg">
<id property="hlsegid" column="HLSEGID"/>
</resultMap>
<select id="get" parameterType="long" resultType="rm.sys.pip.entity.PipHanglineseg">
select * from PIP_HANGLINESEG where HLSEGID = #{value}
</select>
<select id="getAll" parameterType="long" resultType="rm.sys.pip.entity.PipHanglineseg">
select * from PIP_HANGLINESEG where rownum &lt; 300
<if test="value != null">order by ${value}</if>
</select>
<insert id="insert" parameterType="rm.sys.pip.entity.PipHanglineseg">
insert into PIP_HANGLINESEG (<include refid="fields"/>) values(
#{assetno}, #{assstatus}, #{buildway}, #{childasscard}, #{cjdate}, #{cjman}, #{cjunit}, #{clientid}, #{dutyman}, #{editor}, #{endfacid}, #{endfactype}, #{entityid}, #{facstatus}, #{finishtime}, #{hlid}, #{hlinelen}, #{hlinemat}, #{hlinemodel}, #{hlsegcode}, #{hlsegid}, #{hlsegtype}, #{ldxflag}, #{maintain}, #{parentasscard}, #{pipeid}, #{projectid}, #{propertyright}, #{prouteid}, #{reallen}, #{recdate}, #{recorder}, #{regionid}, #{remark}, #{rentedtime}, #{setonnum}, #{srouteidstr}, #{stationid}, #{stfacid}, #{stfactype}, #{usedept}, #{vtprop}, #{zsid})
</insert>
<update id="update" parameterType="rm.sys.pip.entity.PipHanglineseg">
update PIP_HANGLINESEG set
ASSETNO = #{assetno}, ASSSTATUS = #{assstatus}, BUILDWAY = #{buildway}, CHILDASSCARD = #{childasscard}, CJDATE = #{cjdate}, CJMAN = #{cjman}, CJUNIT = #{cjunit}, CLIENTID = #{clientid}, DUTYMAN = #{dutyman}, EDITOR = #{editor}, ENDFACID = #{endfacid}, ENDFACTYPE = #{endfactype}, ENTITYID = #{entityid}, FACSTATUS = #{facstatus}, FINISHTIME = #{finishtime}, HLID = #{hlid}, HLINELEN = #{hlinelen}, HLINEMAT = #{hlinemat}, HLINEMODEL = #{hlinemodel}, HLSEGCODE = #{hlsegcode}, HLSEGID = #{hlsegid}, HLSEGTYPE = #{hlsegtype}, LDXFLAG = #{ldxflag}, MAINTAIN = #{maintain}, PARENTASSCARD = #{parentasscard}, PIPEID = #{pipeid}, PROJECTID = #{projectid}, PROPERTYRIGHT = #{propertyright}, PROUTEID = #{prouteid}, REALLEN = #{reallen}, RECDATE = #{recdate}, RECORDER = #{recorder}, REGIONID = #{regionid}, REMARK = #{remark}, RENTEDTIME = #{rentedtime}, SETONNUM = #{setonnum}, SROUTEIDSTR = #{srouteidstr}, STATIONID = #{stationid}, STFACID = #{stfacid}, STFACTYPE = #{stfactype}, USEDEPT = #{usedept}, VTPROP = #{vtprop}, ZSID = #{zsid} where HLSEGID = #{hlsegid}
</update>
<delete id="delete" parameterType="list">
delete from PIP_HANGLINESEG where HLSEGID in
<foreach item="item" index="index" collection="list"
	open="(" separator=", " close=")">#{item}</foreach>
</delete>
</mapper>
