<?xml version="1.0" encoding="UTF-8" ?>
<!-- generated at Wed Apr 16 09:52:35 CST 2014 -->
<!DOCTYPE mapper
    PUBLIC "-//mybatis.org//DTD Mapper 3.0//EN"
    "http://mybatis.org/dtd/mybatis-3-mapper.dtd">
<mapper namespace="rm.sys.pip.entity.PipHolecable">
<sql id="fields">
BINDTYPE, CABLETYPE, CABSEGID, ENDORDER, ENTITYID, HLSEGID, PHOLESEGID, PLCABLEID, STORDER
</sql>
<resultMap id="rm.sys.pip.entity.PipHolecableResultMap" type="rm.sys.pip.entity.PipHolecable">
<id property="plcableid" column="PLCABLEID"/>
</resultMap>
<select id="get" parameterType="long" resultType="rm.sys.pip.entity.PipHolecable">
select * from PIP_HOLECABLE where PLCABLEID = #{value}
</select>
<select id="getAll" parameterType="long" resultType="rm.sys.pip.entity.PipHolecable">
select * from PIP_HOLECABLE where rownum &lt; 300
<if test="value != null">order by ${value}</if>
</select>
<insert id="insert" parameterType="rm.sys.pip.entity.PipHolecable">
insert into PIP_HOLECABLE (<include refid="fields"/>) values(
#{bindtype}, #{cabletype}, #{cabsegid}, #{endorder}, #{entityid}, #{hlsegid}, #{pholesegid}, #{plcableid}, #{storder})
</insert>
<update id="update" parameterType="rm.sys.pip.entity.PipHolecable">
update PIP_HOLECABLE set
BINDTYPE = #{bindtype}, CABLETYPE = #{cabletype}, CABSEGID = #{cabsegid}, ENDORDER = #{endorder}, ENTITYID = #{entityid}, HLSEGID = #{hlsegid}, PHOLESEGID = #{pholesegid}, PLCABLEID = #{plcableid}, STORDER = #{storder} where PLCABLEID = #{plcableid}
</update>
<delete id="delete" parameterType="list">
delete from PIP_HOLECABLE where PLCABLEID in
<foreach item="item" index="index" collection="list"
	open="(" separator=", " close=")">#{item}</foreach>
</delete>
</mapper>
