<?xml version="1.0" encoding="UTF-8" ?>
<!-- generated at Wed Apr 16 09:52:29 CST 2014 -->
<!DOCTYPE mapper
    PUBLIC "-//mybatis.org//DTD Mapper 3.0//EN"
    "http://mybatis.org/dtd/mybatis-3-mapper.dtd">
<mapper namespace="rm.sys.entity.TsTrail">
<sql id="fields">
AINPORT, AVAILABLE, BELONGPROPERTY, DATASOURCE, DESIGNSTATUS, ENTITYID, ISDELETEWITHCIRCUIT, NAMEINGROUP, SERVICELEVEL, TRANSPORTLEVEL, VLANNO, ZINPORT
</sql>
<resultMap id="rm.sys.entity.TsTrailResultMap" type="rm.sys.entity.TsTrail">
<id property="entityid" column="ENTITYID"/>
</resultMap>
<select id="get" parameterType="long" resultType="rm.sys.entity.TsTrail">
select * from TS_TRAIL where ENTITYID = #{value}
</select>
<select id="getAll" parameterType="long" resultType="rm.sys.entity.TsTrail">
select * from TS_TRAIL where rownum &lt; 300
<if test="value != null">order by ${value}</if>
</select>
<insert id="insert" parameterType="rm.sys.entity.TsTrail">
<selectKey keyProperty="entityid" resultType="long" order="BEFORE">
select seq_TS_TRAIL.nextval from dual
</selectKey>
insert into TS_TRAIL (<include refid="fields"/>) values(
#{ainport}, #{available}, #{belongproperty}, #{datasource}, #{designstatus}, #{entityid}, #{isdeletewithcircuit}, #{nameingroup}, #{servicelevel}, #{transportlevel}, #{vlanno}, #{zinport})
</insert>
<update id="update" parameterType="rm.sys.entity.TsTrail">
update TS_TRAIL set
AINPORT = #{ainport}, AVAILABLE = #{available}, BELONGPROPERTY = #{belongproperty}, DATASOURCE = #{datasource}, DESIGNSTATUS = #{designstatus}, ENTITYID = #{entityid}, ISDELETEWITHCIRCUIT = #{isdeletewithcircuit}, NAMEINGROUP = #{nameingroup}, SERVICELEVEL = #{servicelevel}, TRANSPORTLEVEL = #{transportlevel}, VLANNO = #{vlanno}, ZINPORT = #{zinport} where ENTITYID = #{entityid}
</update>
<delete id="delete" parameterType="list">
delete from TS_TRAIL where ENTITYID in
<foreach item="item" index="index" collection="list"
	open="(" separator=", " close=")">#{item}</foreach>
</delete>
</mapper>
