<?xml version="1.0" encoding="UTF-8" ?>
<!-- generated at Wed Apr 16 09:52:33 CST 2014 -->
<!DOCTYPE mapper
    PUBLIC "-//mybatis.org//DTD Mapper 3.0//EN"
    "http://mybatis.org/dtd/mybatis-3-mapper.dtd">
<mapper namespace="rm.sys.entity.SysMgttemplate">
<sql id="fields">
CODE, CODECOL, COMMENTS, CREATEDATE, ENTITYSPECID, ID, MODIFYDATE, NAME, NAMECOL, TPLTYPE, UNIFLAG, WJC_FLAG
</sql>
<resultMap id="rm.sys.entity.SysMgttemplateResultMap" type="rm.sys.entity.SysMgttemplate">
<id property="id" column="ID"/>
<result property="wjcFlag" column="WJC_FLAG"/>
</resultMap>
<select id="get" parameterType="long" resultType="rm.sys.entity.SysMgttemplate">
select * from SYS_MGTTEMPLATE where ID = #{value}
</select>
<select id="getAll" parameterType="long" resultType="rm.sys.entity.SysMgttemplate">
select * from SYS_MGTTEMPLATE where rownum &lt; 300
<if test="value != null">order by ${value}</if>
</select>
<insert id="insert" parameterType="rm.sys.entity.SysMgttemplate">
insert into SYS_MGTTEMPLATE (<include refid="fields"/>) values(
#{code}, #{codecol}, #{comments}, #{createdate}, #{entityspecid}, #{id}, #{modifydate}, #{name}, #{namecol}, #{tpltype}, #{uniflag}, #{wjcFlag})
</insert>
<update id="update" parameterType="rm.sys.entity.SysMgttemplate">
update SYS_MGTTEMPLATE set
CODE = #{code}, CODECOL = #{codecol}, COMMENTS = #{comments}, CREATEDATE = #{createdate}, ENTITYSPECID = #{entityspecid}, ID = #{id}, MODIFYDATE = #{modifydate}, NAME = #{name}, NAMECOL = #{namecol}, TPLTYPE = #{tpltype}, UNIFLAG = #{uniflag}, WJC_FLAG = #{wjcFlag} where ID = #{id}
</update>
<delete id="delete" parameterType="list">
delete from SYS_MGTTEMPLATE where ID in
<foreach item="item" index="index" collection="list"
	open="(" separator=", " close=")">#{item}</foreach>
</delete>
</mapper>
