<?xml version="1.0" encoding="UTF-8" ?>
<!-- generated at Wed Apr 16 09:52:33 CST 2014 -->
<!DOCTYPE mapper
    PUBLIC "-//mybatis.org//DTD Mapper 3.0//EN"
    "http://mybatis.org/dtd/mybatis-3-mapper.dtd">
<mapper namespace="rm.sys.entity.ResStaff">
<sql id="fields">
CREATEDATE, CREATESTAFFID, DEPARTMENT, ENABLE, FGSID, INVALIDBYDATE, INVALIDDATE, ISREADONLY, MEMO, MODIFYDATE, MODIFYSTAFFID, ORGID, PASSWORDMODIFIEDTIME, REGIONID, REGRANT, RESTYPE, STAFFCODE, STAFFID, STAFFNAME, STAFFPASSWORD, TELEPHONE
</sql>
<resultMap id="rm.sys.entity.ResStaffResultMap" type="rm.sys.entity.ResStaff">
<id property="staffid" column="STAFFID"/>
</resultMap>
<select id="get" parameterType="long" resultType="rm.sys.entity.ResStaff">
select * from RES_STAFF where STAFFID = #{value}
</select>
<select id="getAll" parameterType="long" resultType="rm.sys.entity.ResStaff">
select * from RES_STAFF where rownum &lt; 300
<if test="value != null">order by ${value}</if>
</select>
<insert id="insert" parameterType="rm.sys.entity.ResStaff">
insert into RES_STAFF (<include refid="fields"/>) values(
#{createdate}, #{createstaffid}, #{department}, #{enable}, #{fgsid}, #{invalidbydate}, #{invaliddate}, #{isreadonly}, #{memo}, #{modifydate}, #{modifystaffid}, #{orgid}, #{passwordmodifiedtime}, #{regionid}, #{regrant}, #{resType}, #{staffcode}, #{staffid}, #{staffname}, #{staffpassword}, #{telephone})
</insert>
<update id="update" parameterType="rm.sys.entity.ResStaff">
update RES_STAFF set
CREATEDATE = #{createdate}, CREATESTAFFID = #{createstaffid}, DEPARTMENT = #{department}, ENABLE = #{enable}, FGSID = #{fgsid}, INVALIDBYDATE = #{invalidbydate}, INVALIDDATE = #{invaliddate}, ISREADONLY = #{isreadonly}, MEMO = #{memo}, MODIFYDATE = #{modifydate}, MODIFYSTAFFID = #{modifystaffid}, ORGID = #{orgid}, PASSWORDMODIFIEDTIME = #{passwordmodifiedtime}, REGIONID = #{regionid}, REGRANT = #{regrant}, RESTYPE = #{resType}, STAFFCODE = #{staffcode}, STAFFID = #{staffid}, STAFFNAME = #{staffname}, STAFFPASSWORD = #{staffpassword}, TELEPHONE = #{telephone} where STAFFID = #{staffid}
</update>
<delete id="delete" parameterType="list">
delete from RES_STAFF where STAFFID in
<foreach item="item" index="index" collection="list"
	open="(" separator=", " close=")">#{item}</foreach>
</delete>
</mapper>
