<?xml version="1.0" encoding="UTF-8" ?>
<!-- generated at Wed Apr 16 09:52:35 CST 2014 -->
<!DOCTYPE mapper
    PUBLIC "-//mybatis.org//DTD Mapper 3.0//EN"
    "http://mybatis.org/dtd/mybatis-3-mapper.dtd">
<mapper namespace="rm.sys.pip.entity.PipHoleseg">
<sql id="fields">
BUILDWAY, CHILDHOLENO, COLOR, CUSTCODE, DIAMETER, ENDANGLE, ENDHOLENO, ENDX, ENDY, ENTITYID, FACSTATUS, GDBM, HOLEGROUPID, HOLEMAT, HOLENO, LABEL, NOMIRRORMOVE, OUTUNIT, PARENTID, PHOLESEGID, PHOLETYPE, PIPHIREID, PROPERTY_UNIT, PROPERTYRIGHT, PSEGID, PURPOSE, RAD0, RAD1, REGIONID, RENTEDUNIT, SEQ, SROUTEIDSTR, SRSTATUS, STANGLE, STATIONID, STHOLENO, STX, STY, TX0, TX1, TY0, TY1, USEDFLAG
</sql>
<resultMap id="rm.sys.pip.entity.PipHolesegResultMap" type="rm.sys.pip.entity.PipHoleseg">
<id property="pholesegid" column="PHOLESEGID"/>
<result property="propertyUnit" column="PROPERTY_UNIT"/>
</resultMap>
<select id="get" parameterType="long" resultType="rm.sys.pip.entity.PipHoleseg">
select * from PIP_HOLESEG where PHOLESEGID = #{value}
</select>
<select id="getAll" parameterType="long" resultType="rm.sys.pip.entity.PipHoleseg">
select * from PIP_HOLESEG where rownum &lt; 300
<if test="value != null">order by ${value}</if>
</select>
<insert id="insert" parameterType="rm.sys.pip.entity.PipHoleseg">
insert into PIP_HOLESEG (<include refid="fields"/>) values(
#{buildway}, #{childholeno}, #{color}, #{custcode}, #{diameter}, #{endangle}, #{endholeno}, #{endx}, #{endy}, #{entityid}, #{facstatus}, #{gdbm}, #{holegroupid}, #{holemat}, #{holeno}, #{label}, #{nomirrormove}, #{outunit}, #{parentid}, #{pholesegid}, #{pholetype}, #{piphireid}, #{propertyUnit}, #{propertyright}, #{psegid}, #{purpose}, #{rad0}, #{rad1}, #{regionid}, #{rentedunit}, #{seq}, #{srouteidstr}, #{srstatus}, #{stangle}, #{stationid}, #{stholeno}, #{stx}, #{sty}, #{tx0}, #{tx1}, #{ty0}, #{ty1}, #{usedflag})
</insert>
<update id="update" parameterType="rm.sys.pip.entity.PipHoleseg">
update PIP_HOLESEG set
BUILDWAY = #{buildway}, CHILDHOLENO = #{childholeno}, COLOR = #{color}, CUSTCODE = #{custcode}, DIAMETER = #{diameter}, ENDANGLE = #{endangle}, ENDHOLENO = #{endholeno}, ENDX = #{endx}, ENDY = #{endy}, ENTITYID = #{entityid}, FACSTATUS = #{facstatus}, GDBM = #{gdbm}, HOLEGROUPID = #{holegroupid}, HOLEMAT = #{holemat}, HOLENO = #{holeno}, LABEL = #{label}, NOMIRRORMOVE = #{nomirrormove}, OUTUNIT = #{outunit}, PARENTID = #{parentid}, PHOLESEGID = #{pholesegid}, PHOLETYPE = #{pholetype}, PIPHIREID = #{piphireid}, PROPERTY_UNIT = #{propertyUnit}, PROPERTYRIGHT = #{propertyright}, PSEGID = #{psegid}, PURPOSE = #{purpose}, RAD0 = #{rad0}, RAD1 = #{rad1}, REGIONID = #{regionid}, RENTEDUNIT = #{rentedunit}, SEQ = #{seq}, SROUTEIDSTR = #{srouteidstr}, SRSTATUS = #{srstatus}, STANGLE = #{stangle}, STATIONID = #{stationid}, STHOLENO = #{stholeno}, STX = #{stx}, STY = #{sty}, TX0 = #{tx0}, TX1 = #{tx1}, TY0 = #{ty0}, TY1 = #{ty1}, USEDFLAG = #{usedflag} where PHOLESEGID = #{pholesegid}
</update>
<delete id="delete" parameterType="list">
delete from PIP_HOLESEG where PHOLESEGID in
<foreach item="item" index="index" collection="list"
	open="(" separator=", " close=")">#{item}</foreach>
</delete>
</mapper>
