<?xml version="1.0" encoding="UTF-8" ?>
<!-- generated at Wed Apr 16 09:52:33 CST 2014 -->
<!DOCTYPE mapper
    PUBLIC "-//mybatis.org//DTD Mapper 3.0//EN"
    "http://mybatis.org/dtd/mybatis-3-mapper.dtd">
<mapper namespace="rm.sys.entity.SysVar">
<sql id="fields">
APPID, COMBOVALUE, CONFIGFLAG, ENABLED, ID, ISCOMBO, ISLEAF, PARENTID, REMARK, VARCODE, VARNAME, VARTYPE, VARVALUE, WJC_FLAG
</sql>
<resultMap id="rm.sys.entity.SysVarResultMap" type="rm.sys.entity.SysVar">
<id property="varname" column="VARNAME"/>
<result property="wjcFlag" column="WJC_FLAG"/>
</resultMap>
<select id="get" parameterType="string" resultType="rm.sys.entity.SysVar">
select * from SYS_VAR where VARNAME = #{value}
</select>
<select id="getAll" parameterType="string" resultType="rm.sys.entity.SysVar">
select * from SYS_VAR where rownum &lt; 300
<if test="value != null">order by ${value}</if>
</select>
<insert id="insert" parameterType="rm.sys.entity.SysVar">
<selectKey keyProperty="varname" resultType="string" order="BEFORE">
select seq_SYS_VAR.nextval from dual
</selectKey>
insert into SYS_VAR (<include refid="fields"/>) values(
#{appid}, #{combovalue}, #{configflag}, #{enabled}, #{id}, #{iscombo}, #{isleaf}, #{parentid}, #{remark}, #{varcode}, #{varname}, #{vartype}, #{varvalue}, #{wjcFlag})
</insert>
<update id="update" parameterType="rm.sys.entity.SysVar">
update SYS_VAR set
APPID = #{appid}, COMBOVALUE = #{combovalue}, CONFIGFLAG = #{configflag}, ENABLED = #{enabled}, ID = #{id}, ISCOMBO = #{iscombo}, ISLEAF = #{isleaf}, PARENTID = #{parentid}, REMARK = #{remark}, VARCODE = #{varcode}, VARNAME = #{varname}, VARTYPE = #{vartype}, VARVALUE = #{varvalue}, WJC_FLAG = #{wjcFlag} where VARNAME = #{varname}
</update>
<delete id="delete" parameterType="list">
delete from SYS_VAR where VARNAME in
<foreach item="item" index="index" collection="list"
	open="(" separator=", " close=")">#{item}</foreach>
</delete>
</mapper>
