<?xml version="1.0" encoding="UTF-8" ?>
<!-- generated at Wed Apr 16 09:52:33 CST 2014 -->
<!DOCTYPE mapper
    PUBLIC "-//mybatis.org//DTD Mapper 3.0//EN"
    "http://mybatis.org/dtd/mybatis-3-mapper.dtd">
<mapper namespace="rm.sys.entity.TNoticeLog">
<sql id="fields">
ACTION, ID, NOTICE_ID, TIME, USER_ID
</sql>
<resultMap id="rm.sys.entity.TNoticeLogResultMap" type="rm.sys.entity.TNoticeLog">
<id property="id" column="ID"/>
<result property="noticeId" column="NOTICE_ID"/>
<result property="userId" column="USER_ID"/>
</resultMap>
<select id="get" parameterType="long" resultType="rm.sys.entity.TNoticeLog">
select * from T_NOTICE_LOG where ID = #{value}
</select>
<select id="getAll" parameterType="long" resultType="rm.sys.entity.TNoticeLog">
select * from T_NOTICE_LOG where rownum &lt; 300
<if test="value != null">order by ${value}</if>
</select>
<insert id="insert" parameterType="rm.sys.entity.TNoticeLog">
insert into T_NOTICE_LOG (<include refid="fields"/>) values(
#{action}, #{id}, #{noticeId}, #{time}, #{userId})
</insert>
<update id="update" parameterType="rm.sys.entity.TNoticeLog">
update T_NOTICE_LOG set
ACTION = #{action}, ID = #{id}, NOTICE_ID = #{noticeId}, TIME = #{time}, USER_ID = #{userId} where ID = #{id}
</update>
<delete id="delete" parameterType="list">
delete from T_NOTICE_LOG where ID in
<foreach item="item" index="index" collection="list"
	open="(" separator=", " close=")">#{item}</foreach>
</delete>
</mapper>
