<?xml version="1.0" encoding="UTF-8" ?>
<!-- generated at Wed Apr 16 09:52:33 CST 2014 -->
<!DOCTYPE mapper
    PUBLIC "-//mybatis.org//DTD Mapper 3.0//EN"
    "http://mybatis.org/dtd/mybatis-3-mapper.dtd">
<mapper namespace="rm.sys.entity.SysMenuitem">
<sql id="fields">
ACTIONINSTID, ALTKEY, CAPTION, GROUPINDEX, ICONDIR, ID, MAINTAININDICATOR, MENUCODE, MENUID, MENUTYPE, MENUTYPENAME, PARENTID, SHORTCUT, WJC_FLAG
</sql>
<resultMap id="rm.sys.entity.SysMenuitemResultMap" type="rm.sys.entity.SysMenuitem">
<id property="id" column="ID"/>
<result property="wjcFlag" column="WJC_FLAG"/>
</resultMap>
<select id="get" parameterType="long" resultType="rm.sys.entity.SysMenuitem">
select * from SYS_MENUITEM where ID = #{value}
</select>
<select id="getAll" parameterType="long" resultType="rm.sys.entity.SysMenuitem">
select * from SYS_MENUITEM where rownum &lt; 300
<if test="value != null">order by ${value}</if>
</select>
<insert id="insert" parameterType="rm.sys.entity.SysMenuitem">
insert into SYS_MENUITEM (<include refid="fields"/>) values(
#{actioninstid}, #{altkey}, #{caption}, #{groupindex}, #{icondir}, #{id}, #{maintainindicator}, #{menucode}, #{menuid}, #{menutype}, #{menutypename}, #{parentid}, #{shortcut}, #{wjcFlag})
</insert>
<update id="update" parameterType="rm.sys.entity.SysMenuitem">
update SYS_MENUITEM set
ACTIONINSTID = #{actioninstid}, ALTKEY = #{altkey}, CAPTION = #{caption}, GROUPINDEX = #{groupindex}, ICONDIR = #{icondir}, ID = #{id}, MAINTAININDICATOR = #{maintainindicator}, MENUCODE = #{menucode}, MENUID = #{menuid}, MENUTYPE = #{menutype}, MENUTYPENAME = #{menutypename}, PARENTID = #{parentid}, SHORTCUT = #{shortcut}, WJC_FLAG = #{wjcFlag} where ID = #{id}
</update>
<delete id="delete" parameterType="list">
delete from SYS_MENUITEM where ID in
<foreach item="item" index="index" collection="list"
	open="(" separator=", " close=")">#{item}</foreach>
</delete>
</mapper>
