<?xml version="1.0" encoding="UTF-8" ?>
<!-- generated at Wed Apr 16 09:52:35 CST 2014 -->
<!DOCTYPE mapper
    PUBLIC "-//mybatis.org//DTD Mapper 3.0//EN"
    "http://mybatis.org/dtd/mybatis-3-mapper.dtd">
<mapper namespace="rm.sys.entity.ResModule">
<sql id="fields">
GRANTRIGHTS, MODULECODE, MODULEID, MODULENAME, PARENTID
</sql>
<resultMap id="rm.sys.entity.ResModuleResultMap" type="rm.sys.entity.ResModule">
<id property="moduleid" column="MODULEID"/>
</resultMap>
<select id="get" parameterType="long" resultType="rm.sys.entity.ResModule">
select * from RES_MODULE where MODULEID = #{value}
</select>
<select id="getAll" parameterType="long" resultType="rm.sys.entity.ResModule">
select * from RES_MODULE where rownum &lt; 300
<if test="value != null">order by ${value}</if>
</select>
<insert id="insert" parameterType="rm.sys.entity.ResModule">
<selectKey keyProperty="moduleid" resultType="long" order="BEFORE">
select seq_RES_MODULE.nextval from dual
</selectKey>
insert into RES_MODULE (<include refid="fields"/>) values(
#{grantrights}, #{modulecode}, #{moduleid}, #{modulename}, #{parentid})
</insert>
<update id="update" parameterType="rm.sys.entity.ResModule">
update RES_MODULE set
GRANTRIGHTS = #{grantrights}, MODULECODE = #{modulecode}, MODULEID = #{moduleid}, MODULENAME = #{modulename}, PARENTID = #{parentid} where MODULEID = #{moduleid}
</update>
<delete id="delete" parameterType="list">
delete from RES_MODULE where MODULEID in
<foreach item="item" index="index" collection="list"
	open="(" separator=", " close=")">#{item}</foreach>
</delete>
</mapper>
