<?xml version="1.0" encoding="UTF-8" ?>
<!-- generated at Wed Apr 16 09:52:32 CST 2014 -->
<!DOCTYPE mapper
    PUBLIC "-//mybatis.org//DTD Mapper 3.0//EN"
    "http://mybatis.org/dtd/mybatis-3-mapper.dtd">
<mapper namespace="rm.sys.entity.TbLinktype">
<sql id="fields">
ADDENDBYATTR, BANDWIDTHID, CHILDMETACATEGORY, CODE, COMMENTS, CREATEDATE, ID, ISCHANNELIZED, ISCREATELRBYCC, ISDELETEWITHENDS, ISENDCHECK, ISENDSYNCTOLR, ISEPRATEEQUAL2LINK, ISLAYEREXPAND, LAYERRATE, LINKSPEC, MAINTAININDICATOR, MAXBANDWIDTHID, METACATEGORY, MINBANDWIDTHID, MODIFYDATE, NAME, NEEDSELECTAEND, NEEDSELECTZEND, NMAREACODE, RESTYPE, VERSION
</sql>
<resultMap id="rm.sys.entity.TbLinktypeResultMap" type="rm.sys.entity.TbLinktype">
<id property="id" column="ID"/>
</resultMap>
<select id="get" parameterType="long" resultType="rm.sys.entity.TbLinktype">
select * from TB_LINKTYPE where ID = #{value}
</select>
<select id="getAll" parameterType="long" resultType="rm.sys.entity.TbLinktype">
select * from TB_LINKTYPE where rownum &lt; 300
<if test="value != null">order by ${value}</if>
</select>
<insert id="insert" parameterType="rm.sys.entity.TbLinktype">
insert into TB_LINKTYPE (<include refid="fields"/>) values(
#{addendbyattr}, #{bandwidthid}, #{childmetacategory}, #{code}, #{comments}, #{createdate}, #{id}, #{ischannelized}, #{iscreatelrbycc}, #{isdeletewithends}, #{isendcheck}, #{isendsynctolr}, #{iseprateequal2link}, #{islayerexpand}, #{layerrate}, #{linkspec}, #{maintainindicator}, #{maxbandwidthid}, #{metacategory}, #{minbandwidthid}, #{modifydate}, #{name}, #{needselectaend}, #{needselectzend}, #{nmareacode}, #{restype}, #{version})
</insert>
<update id="update" parameterType="rm.sys.entity.TbLinktype">
update TB_LINKTYPE set
ADDENDBYATTR = #{addendbyattr}, BANDWIDTHID = #{bandwidthid}, CHILDMETACATEGORY = #{childmetacategory}, CODE = #{code}, COMMENTS = #{comments}, CREATEDATE = #{createdate}, ID = #{id}, ISCHANNELIZED = #{ischannelized}, ISCREATELRBYCC = #{iscreatelrbycc}, ISDELETEWITHENDS = #{isdeletewithends}, ISENDCHECK = #{isendcheck}, ISENDSYNCTOLR = #{isendsynctolr}, ISEPRATEEQUAL2LINK = #{iseprateequal2link}, ISLAYEREXPAND = #{islayerexpand}, LAYERRATE = #{layerrate}, LINKSPEC = #{linkspec}, MAINTAININDICATOR = #{maintainindicator}, MAXBANDWIDTHID = #{maxbandwidthid}, METACATEGORY = #{metacategory}, MINBANDWIDTHID = #{minbandwidthid}, MODIFYDATE = #{modifydate}, NAME = #{name}, NEEDSELECTAEND = #{needselectaend}, NEEDSELECTZEND = #{needselectzend}, NMAREACODE = #{nmareacode}, RESTYPE = #{restype}, VERSION = #{version} where ID = #{id}
</update>
<delete id="delete" parameterType="list">
delete from TB_LINKTYPE where ID in
<foreach item="item" index="index" collection="list"
	open="(" separator=", " close=")">#{item}</foreach>
</delete>
</mapper>
