<?xml version="1.0" encoding="UTF-8" ?>
<!-- generated at Wed Apr 16 09:52:34 CST 2014 -->
<!DOCTYPE mapper
    PUBLIC "-//mybatis.org//DTD Mapper 3.0//EN"
    "http://mybatis.org/dtd/mybatis-3-mapper.dtd">
<mapper namespace="rm.sys.entity.TbLocation">
<sql id="fields">
ABBREVCN, ABBREVPY, ALIAS, AREACODE, AREAID, ASSEMBLECODE, ASSEMBLENAME, CATEGORY_BAK, CODE, COMMENTS, CREATEDATE, DISPNAME, GISCODE, GISID, GISOLDNAME, GROUPCODE, IBSSORGID, ID, ISSPECIALNET, LATITUDE, LOCATIONTYPEID, LONGITUDE, MAPPINGCODE, MARKETINGAREAID, METACATEGORY, MODIFYDATE, NAME, NMAREACODE, NMID, NMOLDNAME, NMSPEC, ORGANIZATIONID, PARENTID, RESSYSINDICATOR, RESTYPE, SERVICECENTERID, STATUS, TMPLOGICALAREAID, TMPMPARENTID, USESTATUS, VERSION, XPOSITION, YPOSITION
</sql>
<resultMap id="rm.sys.entity.TbLocationResultMap" type="rm.sys.entity.TbLocation">
<id property="id" column="ID"/>
<result property="categoryBak" column="CATEGORY_BAK"/>
</resultMap>
<select id="get" parameterType="long" resultType="rm.sys.entity.TbLocation">
select * from TB_LOCATION where ID = #{value}
</select>
<select id="getAll" parameterType="long" resultType="rm.sys.entity.TbLocation">
select * from TB_LOCATION where rownum &lt; 300
<if test="value != null">order by ${value}</if>
</select>
<insert id="insert" parameterType="rm.sys.entity.TbLocation">
insert into TB_LOCATION (<include refid="fields"/>) values(
#{abbrevcn}, #{abbrevpy}, #{alias}, #{areacode}, #{areaid}, #{assemblecode}, #{assemblename}, #{categoryBak}, #{code}, #{comments}, #{createdate}, #{dispname}, #{giscode}, #{gisid}, #{gisoldname}, #{groupcode}, #{ibssorgid}, #{id}, #{isspecialnet}, #{latitude}, #{locationtypeid}, #{longitude}, #{mappingcode}, #{marketingareaid}, #{metacategory}, #{modifydate}, #{name}, #{nmareacode}, #{nmid}, #{nmoldname}, #{nmspec}, #{organizationid}, #{parentid}, #{ressysindicator}, #{restype}, #{servicecenterid}, #{status}, #{tmplogicalareaid}, #{tmpmparentid}, #{usestatus}, #{version}, #{xposition}, #{yposition})
</insert>
<update id="update" parameterType="rm.sys.entity.TbLocation">
update TB_LOCATION set
ABBREVCN = #{abbrevcn}, ABBREVPY = #{abbrevpy}, ALIAS = #{alias}, AREACODE = #{areacode}, AREAID = #{areaid}, ASSEMBLECODE = #{assemblecode}, ASSEMBLENAME = #{assemblename}, CATEGORY_BAK = #{categoryBak}, CODE = #{code}, COMMENTS = #{comments}, CREATEDATE = #{createdate}, DISPNAME = #{dispname}, GISCODE = #{giscode}, GISID = #{gisid}, GISOLDNAME = #{gisoldname}, GROUPCODE = #{groupcode}, IBSSORGID = #{ibssorgid}, ID = #{id}, ISSPECIALNET = #{isspecialnet}, LATITUDE = #{latitude}, LOCATIONTYPEID = #{locationtypeid}, LONGITUDE = #{longitude}, MAPPINGCODE = #{mappingcode}, MARKETINGAREAID = #{marketingareaid}, METACATEGORY = #{metacategory}, MODIFYDATE = #{modifydate}, NAME = #{name}, NMAREACODE = #{nmareacode}, NMID = #{nmid}, NMOLDNAME = #{nmoldname}, NMSPEC = #{nmspec}, ORGANIZATIONID = #{organizationid}, PARENTID = #{parentid}, RESSYSINDICATOR = #{ressysindicator}, RESTYPE = #{restype}, SERVICECENTERID = #{servicecenterid}, STATUS = #{status}, TMPLOGICALAREAID = #{tmplogicalareaid}, TMPMPARENTID = #{tmpmparentid}, USESTATUS = #{usestatus}, VERSION = #{version}, XPOSITION = #{xposition}, YPOSITION = #{yposition} where ID = #{id}
</update>
<delete id="delete" parameterType="list">
delete from TB_LOCATION where ID in
<foreach item="item" index="index" collection="list"
	open="(" separator=", " close=")">#{item}</foreach>
</delete>
</mapper>
