<?xml version="1.0" encoding="UTF-8" ?>
<!-- generated at Wed Apr 16 09:52:33 CST 2014 -->
<!DOCTYPE mapper
    PUBLIC "-//mybatis.org//DTD Mapper 3.0//EN"
    "http://mybatis.org/dtd/mybatis-3-mapper.dtd">
<mapper namespace="rm.sys.entity.OptLink">
<sql id="fields">
AENDORDER, AOPTSEGID, ASTORDER, BENDORDER, BOPTSEGID, BSTORDER, ENTITYID, FLAG, JLINKTYPE, JOINTID, OPTLINKID
</sql>
<resultMap id="rm.sys.entity.OptLinkResultMap" type="rm.sys.entity.OptLink">
<id property="optlinkid" column="OPTLINKID"/>
</resultMap>
<select id="get" parameterType="long" resultType="rm.sys.entity.OptLink">
select * from OPT_LINK where OPTLINKID = #{value}
</select>
<select id="getAll" parameterType="long" resultType="rm.sys.entity.OptLink">
select * from OPT_LINK where rownum &lt; 300
<if test="value != null">order by ${value}</if>
</select>
<insert id="insert" parameterType="rm.sys.entity.OptLink">
insert into OPT_LINK (<include refid="fields"/>) values(
#{aendorder}, #{aoptsegid}, #{astorder}, #{bendorder}, #{boptsegid}, #{bstorder}, #{entityid}, #{flag}, #{jlinktype}, #{jointid}, #{optlinkid})
</insert>
<update id="update" parameterType="rm.sys.entity.OptLink">
update OPT_LINK set
AENDORDER = #{aendorder}, AOPTSEGID = #{aoptsegid}, ASTORDER = #{astorder}, BENDORDER = #{bendorder}, BOPTSEGID = #{boptsegid}, BSTORDER = #{bstorder}, ENTITYID = #{entityid}, FLAG = #{flag}, JLINKTYPE = #{jlinktype}, JOINTID = #{jointid}, OPTLINKID = #{optlinkid} where OPTLINKID = #{optlinkid}
</update>
<delete id="delete" parameterType="list">
delete from OPT_LINK where OPTLINKID in
<foreach item="item" index="index" collection="list"
	open="(" separator=", " close=")">#{item}</foreach>
</delete>
</mapper>
