<?xml version="1.0" encoding="UTF-8" ?>
<!-- generated at Wed Apr 16 09:52:35 CST 2014 -->
<!DOCTYPE mapper
    PUBLIC "-//mybatis.org//DTD Mapper 3.0//EN"
    "http://mybatis.org/dtd/mybatis-3-mapper.dtd">
<mapper namespace="rm.sys.entity.TbRouteend">
<sql id="fields">
ENDPOINTID, ENDPOINTSTR, ENDPOINTTYPE, ID, LINKID, LINKROUTEID, MEXPOS, MEYPOS, NMAREACODE, NMID, NMSPEC, PORTID, PXPOS, PYPOS, RESTYPE, VERSION, XPOS, YPOS
</sql>
<resultMap id="rm.sys.entity.TbRouteendResultMap" type="rm.sys.entity.TbRouteend">
<id property="id" column="ID"/>
</resultMap>
<select id="get" parameterType="long" resultType="rm.sys.entity.TbRouteend">
select * from TB_ROUTEEND where ID = #{value}
</select>
<select id="getAll" parameterType="long" resultType="rm.sys.entity.TbRouteend">
select * from TB_ROUTEEND where rownum &lt; 300
<if test="value != null">order by ${value}</if>
</select>
<insert id="insert" parameterType="rm.sys.entity.TbRouteend">
insert into TB_ROUTEEND (<include refid="fields"/>) values(
#{endpointid}, #{endpointstr}, #{endpointtype}, #{id}, #{linkid}, #{linkrouteid}, #{mexpos}, #{meypos}, #{nmareacode}, #{nmid}, #{nmspec}, #{portid}, #{pxpos}, #{pypos}, #{restype}, #{version}, #{xpos}, #{ypos})
</insert>
<update id="update" parameterType="rm.sys.entity.TbRouteend">
update TB_ROUTEEND set
ENDPOINTID = #{endpointid}, ENDPOINTSTR = #{endpointstr}, ENDPOINTTYPE = #{endpointtype}, ID = #{id}, LINKID = #{linkid}, LINKROUTEID = #{linkrouteid}, MEXPOS = #{mexpos}, MEYPOS = #{meypos}, NMAREACODE = #{nmareacode}, NMID = #{nmid}, NMSPEC = #{nmspec}, PORTID = #{portid}, PXPOS = #{pxpos}, PYPOS = #{pypos}, RESTYPE = #{restype}, VERSION = #{version}, XPOS = #{xpos}, YPOS = #{ypos} where ID = #{id}
</update>
<delete id="delete" parameterType="list">
delete from TB_ROUTEEND where ID in
<foreach item="item" index="index" collection="list"
	open="(" separator=", " close=")">#{item}</foreach>
</delete>
</mapper>
