<?xml version="1.0" encoding="UTF-8" ?>
<!-- generated at Wed Apr 16 09:52:33 CST 2014 -->
<!DOCTYPE mapper
    PUBLIC "-//mybatis.org//DTD Mapper 3.0//EN"
    "http://mybatis.org/dtd/mybatis-3-mapper.dtd">
<mapper namespace="rm.sys.entity.SysEntityrelationspec">
<sql id="fields">
CODE, CREATEDATE, ID, MULTIPLE, NAME, OWNERATTR, OWNERENTITYSPECID, RELATIONENTITY, SUPPLIERATTR, SUPPLIERENTITYSPECID
</sql>
<resultMap id="rm.sys.entity.SysEntityrelationspecResultMap" type="rm.sys.entity.SysEntityrelationspec">
<id property="id" column="ID"/>
</resultMap>
<select id="get" parameterType="long" resultType="rm.sys.entity.SysEntityrelationspec">
select * from SYS_ENTITYRELATIONSPEC where ID = #{value}
</select>
<select id="getAll" parameterType="long" resultType="rm.sys.entity.SysEntityrelationspec">
select * from SYS_ENTITYRELATIONSPEC where rownum &lt; 300
<if test="value != null">order by ${value}</if>
</select>
<insert id="insert" parameterType="rm.sys.entity.SysEntityrelationspec">
insert into SYS_ENTITYRELATIONSPEC (<include refid="fields"/>) values(
#{code}, #{createdate}, #{id}, #{multiple}, #{name}, #{ownerattr}, #{ownerentityspecid}, #{relationentity}, #{supplierattr}, #{supplierentityspecid})
</insert>
<update id="update" parameterType="rm.sys.entity.SysEntityrelationspec">
update SYS_ENTITYRELATIONSPEC set
CODE = #{code}, CREATEDATE = #{createdate}, ID = #{id}, MULTIPLE = #{multiple}, NAME = #{name}, OWNERATTR = #{ownerattr}, OWNERENTITYSPECID = #{ownerentityspecid}, RELATIONENTITY = #{relationentity}, SUPPLIERATTR = #{supplierattr}, SUPPLIERENTITYSPECID = #{supplierentityspecid} where ID = #{id}
</update>
<delete id="delete" parameterType="list">
delete from SYS_ENTITYRELATIONSPEC where ID in
<foreach item="item" index="index" collection="list"
	open="(" separator=", " close=")">#{item}</foreach>
</delete>
</mapper>
