<?xml version="1.0" encoding="UTF-8" ?>
<!-- generated at Wed Apr 16 09:52:35 CST 2014 -->
<!DOCTYPE mapper
    PUBLIC "-//mybatis.org//DTD Mapper 3.0//EN"
    "http://mybatis.org/dtd/mybatis-3-mapper.dtd">
<mapper namespace="rm.sys.entity.TmpVar">
<sql id="fields">
FLD1, FLD2, FLD3, FLD4, ID, NAME, NUM1, NUM2, NUM3, NUM4, TNUM, VID
</sql>
<resultMap id="rm.sys.entity.TmpVarResultMap" type="rm.sys.entity.TmpVar">
<id property="id" column="ID"/>
</resultMap>
<select id="get" parameterType="long" resultType="rm.sys.entity.TmpVar">
select * from TMP_VAR where ID = #{value}
</select>
<select id="getAll" parameterType="long" resultType="rm.sys.entity.TmpVar">
select * from TMP_VAR where rownum &lt; 300
<if test="value != null">order by ${value}</if>
</select>
<insert id="insert" parameterType="rm.sys.entity.TmpVar">
insert into TMP_VAR (<include refid="fields"/>) values(
#{fld1}, #{fld2}, #{fld3}, #{fld4}, #{id}, #{name}, #{num1}, #{num2}, #{num3}, #{num4}, #{tnum}, #{vid})
</insert>
<update id="update" parameterType="rm.sys.entity.TmpVar">
update TMP_VAR set
FLD1 = #{fld1}, FLD2 = #{fld2}, FLD3 = #{fld3}, FLD4 = #{fld4}, ID = #{id}, NAME = #{name}, NUM1 = #{num1}, NUM2 = #{num2}, NUM3 = #{num3}, NUM4 = #{num4}, TNUM = #{tnum}, VID = #{vid} where ID = #{id}
</update>
<delete id="delete" parameterType="list">
delete from TMP_VAR where ID in
<foreach item="item" index="index" collection="list"
	open="(" separator=", " close=")">#{item}</foreach>
</delete>
</mapper>
