<?xml version="1.0" encoding="UTF-8" ?>
<!-- generated at Wed Apr 16 09:52:33 CST 2014 -->
<!DOCTYPE mapper
    PUBLIC "-//mybatis.org//DTD Mapper 3.0//EN"
    "http://mybatis.org/dtd/mybatis-3-mapper.dtd">
<mapper namespace="rm.sys.entity.SysMgttemplatefrmgrp">
<sql id="fields">
COLUMNCOUNT, DEFAULTCTRLWIDTH, DEFAULTELEMENTMARGIN, DEFAULTLABELWIDTH, HEIGHT, ID, ISEXPANDED, ISSHOWBEVEL, ISVISIBLE, LABEL, MGTTEMPLATEFRMID, NAME, SEQNO, UNIFLAG, WIDTH, WJC_FLAG
</sql>
<resultMap id="rm.sys.entity.SysMgttemplatefrmgrpResultMap" type="rm.sys.entity.SysMgttemplatefrmgrp">
<id property="id" column="ID"/>
<result property="wjcFlag" column="WJC_FLAG"/>
</resultMap>
<select id="get" parameterType="long" resultType="rm.sys.entity.SysMgttemplatefrmgrp">
select * from SYS_MGTTEMPLATEFRMGRP where ID = #{value}
</select>
<select id="getAll" parameterType="long" resultType="rm.sys.entity.SysMgttemplatefrmgrp">
select * from SYS_MGTTEMPLATEFRMGRP where rownum &lt; 300
<if test="value != null">order by ${value}</if>
</select>
<insert id="insert" parameterType="rm.sys.entity.SysMgttemplatefrmgrp">
insert into SYS_MGTTEMPLATEFRMGRP (<include refid="fields"/>) values(
#{columncount}, #{defaultctrlwidth}, #{defaultelementmargin}, #{defaultlabelwidth}, #{height}, #{id}, #{isexpanded}, #{isshowbevel}, #{isvisible}, #{label}, #{mgttemplatefrmid}, #{name}, #{seqno}, #{uniflag}, #{width}, #{wjcFlag})
</insert>
<update id="update" parameterType="rm.sys.entity.SysMgttemplatefrmgrp">
update SYS_MGTTEMPLATEFRMGRP set
COLUMNCOUNT = #{columncount}, DEFAULTCTRLWIDTH = #{defaultctrlwidth}, DEFAULTELEMENTMARGIN = #{defaultelementmargin}, DEFAULTLABELWIDTH = #{defaultlabelwidth}, HEIGHT = #{height}, ID = #{id}, ISEXPANDED = #{isexpanded}, ISSHOWBEVEL = #{isshowbevel}, ISVISIBLE = #{isvisible}, LABEL = #{label}, MGTTEMPLATEFRMID = #{mgttemplatefrmid}, NAME = #{name}, SEQNO = #{seqno}, UNIFLAG = #{uniflag}, WIDTH = #{width}, WJC_FLAG = #{wjcFlag} where ID = #{id}
</update>
<delete id="delete" parameterType="list">
delete from SYS_MGTTEMPLATEFRMGRP where ID in
<foreach item="item" index="index" collection="list"
	open="(" separator=", " close=")">#{item}</foreach>
</delete>
</mapper>
