<?xml version="1.0" encoding="UTF-8" ?>
<!-- generated at Wed Apr 16 09:52:36 CST 2014 -->
<!DOCTYPE mapper
    PUBLIC "-//mybatis.org//DTD Mapper 3.0//EN"
    "http://mybatis.org/dtd/mybatis-3-mapper.dtd">
<mapper namespace="rm.sys.pip.entity.PipCablepole">
<sql id="fields">
ADDRESS, ASSETNO, ASSETREMARK, ASSETVALUE, ASSSTATUS, BAOGUNUM, BUILDING, BUILDWAY, CHECKPOINT, CHILDASSCARD, CJDATE, CJMAN, CJUNIT, CLIENTID, DEPRECIATION, DUTYMAN, EDITOR, ENTITYID, ESIMPLECODE, FACID, FACSTATUS, FINISHTIME, HLINEHEI, HLINENUM, INSTALLATION, LIGHTNING, MAINTAIN, MAINTAINUNIT, PARENTASSCARD, PIPPOLENUM, POLECODE, POLEMAT, POLEMODEL, POLENUM, POLESHAPE, POLETYPE, PROJECTID, PROPERTYRIGHT, PROUTEID, PROUTENAME, PULLNUM, RECDATE, RECORDER, REGIONID, REMARK, ROADNAME, SEALEVEL, STATIONID, USEDEPT, X, Y, Z
</sql>
<resultMap id="rm.sys.pip.entity.PipCablepoleResultMap" type="rm.sys.pip.entity.PipCablepole">
<id property="facid" column="FACID"/>
</resultMap>
<select id="get" parameterType="long" resultType="rm.sys.pip.entity.PipCablepole">
select * from PIP_CABLEPOLE where FACID = #{value}
</select>
<select id="getAll" parameterType="long" resultType="rm.sys.pip.entity.PipCablepole">
select * from PIP_CABLEPOLE where rownum &lt; 300
<if test="value != null">order by ${value}</if>
</select>
<insert id="insert" parameterType="rm.sys.pip.entity.PipCablepole">
insert into PIP_CABLEPOLE (<include refid="fields"/>) values(
#{address}, #{assetno}, #{assetremark}, #{assetvalue}, #{assstatus}, #{baogunum}, #{building}, #{buildway}, #{checkpoint}, #{childasscard}, #{cjdate}, #{cjman}, #{cjunit}, #{clientid}, #{depreciation}, #{dutyman}, #{editor}, #{entityid}, #{esimplecode}, #{facid}, #{facstatus}, #{finishtime}, #{hlinehei}, #{hlinenum}, #{installation}, #{lightning}, #{maintain}, #{maintainunit}, #{parentasscard}, #{pippolenum}, #{polecode}, #{polemat}, #{polemodel}, #{polenum}, #{poleshape}, #{poletype}, #{projectid}, #{propertyright}, #{prouteid}, #{proutename}, #{pullnum}, #{recdate}, #{recorder}, #{regionid}, #{remark}, #{roadname}, #{sealevel}, #{stationid}, #{usedept}, #{x}, #{y}, #{z})
</insert>
<update id="update" parameterType="rm.sys.pip.entity.PipCablepole">
update PIP_CABLEPOLE set
ADDRESS = #{address}, ASSETNO = #{assetno}, ASSETREMARK = #{assetremark}, ASSETVALUE = #{assetvalue}, ASSSTATUS = #{assstatus}, BAOGUNUM = #{baogunum}, BUILDING = #{building}, BUILDWAY = #{buildway}, CHECKPOINT = #{checkpoint}, CHILDASSCARD = #{childasscard}, CJDATE = #{cjdate}, CJMAN = #{cjman}, CJUNIT = #{cjunit}, CLIENTID = #{clientid}, DEPRECIATION = #{depreciation}, DUTYMAN = #{dutyman}, EDITOR = #{editor}, ENTITYID = #{entityid}, ESIMPLECODE = #{esimplecode}, FACID = #{facid}, FACSTATUS = #{facstatus}, FINISHTIME = #{finishtime}, HLINEHEI = #{hlinehei}, HLINENUM = #{hlinenum}, INSTALLATION = #{installation}, LIGHTNING = #{lightning}, MAINTAIN = #{maintain}, MAINTAINUNIT = #{maintainunit}, PARENTASSCARD = #{parentasscard}, PIPPOLENUM = #{pippolenum}, POLECODE = #{polecode}, POLEMAT = #{polemat}, POLEMODEL = #{polemodel}, POLENUM = #{polenum}, POLESHAPE = #{poleshape}, POLETYPE = #{poletype}, PROJECTID = #{projectid}, PROPERTYRIGHT = #{propertyright}, PROUTEID = #{prouteid}, PROUTENAME = #{proutename}, PULLNUM = #{pullnum}, RECDATE = #{recdate}, RECORDER = #{recorder}, REGIONID = #{regionid}, REMARK = #{remark}, ROADNAME = #{roadname}, SEALEVEL = #{sealevel}, STATIONID = #{stationid}, USEDEPT = #{usedept}, X = #{x}, Y = #{y}, Z = #{z} where FACID = #{facid}
</update>
<delete id="delete" parameterType="list">
delete from PIP_CABLEPOLE where FACID in
<foreach item="item" index="index" collection="list"
	open="(" separator=", " close=")">#{item}</foreach>
</delete>
</mapper>
