<?xml version="1.0" encoding="UTF-8" ?>
<!-- generated at Wed Apr 16 09:52:33 CST 2014 -->
<!DOCTYPE mapper
    PUBLIC "-//mybatis.org//DTD Mapper 3.0//EN"
    "http://mybatis.org/dtd/mybatis-3-mapper.dtd">
<mapper namespace="rm.sys.entity.TFile">
<sql id="fields">
CATEGORY, CONTENT, ID, LEN, MIME, NAME, REL_ID, SEQ, UPLOAD_TIME, UPLOADER
</sql>
<resultMap id="rm.sys.entity.TFileResultMap" type="rm.sys.entity.TFile">
<id property="id" column="ID"/>
<result property="relId" column="REL_ID"/>
<result property="uploadTime" column="UPLOAD_TIME"/>
</resultMap>
<select id="get" parameterType="long" resultType="rm.sys.entity.TFile">
select * from T_FILE where ID = #{value}
</select>
<select id="getAll" parameterType="long" resultType="rm.sys.entity.TFile">
select * from T_FILE where rownum &lt; 300
<if test="value != null">order by ${value}</if>
</select>
<insert id="insert" parameterType="rm.sys.entity.TFile">
insert into T_FILE (<include refid="fields"/>) values(
#{category}, #{content}, #{id}, #{length}, #{mime}, #{name}, #{relId}, #{seq}, #{uploadTime}, #{uploader})
</insert>
<update id="update" parameterType="rm.sys.entity.TFile">
update T_FILE set
CATEGORY = #{category}, CONTENT = #{content}, ID = #{id}, LEN = #{length}, MIME = #{mime}, NAME = #{name}, REL_ID = #{relId}, SEQ = #{seq}, UPLOAD_TIME = #{uploadTime}, UPLOADER = #{uploader} where ID = #{id}
</update>
<delete id="delete" parameterType="list">
delete from T_FILE where ID in
<foreach item="item" index="index" collection="list"
	open="(" separator=", " close=")">#{item}</foreach>
</delete>
</mapper>
