<?xml version="1.0" encoding="UTF-8" ?>
<!-- generated at Wed Apr 16 09:52:35 CST 2014 -->
<!DOCTYPE mapper
    PUBLIC "-//mybatis.org//DTD Mapper 3.0//EN"
    "http://mybatis.org/dtd/mybatis-3-mapper.dtd">
<mapper namespace="rm.sys.pip.entity.PipTempl">
<sql id="fields">
ID, PIPETYPE, PSEGID, PSEGNAME, REMARK, RESTYPE
</sql>
<resultMap id="rm.sys.pip.entity.PipTemplResultMap" type="rm.sys.pip.entity.PipTempl">
<id property="psegid" column="PSEGID"/>
</resultMap>
<select id="get" parameterType="long" resultType="rm.sys.pip.entity.PipTempl">
select * from PIP_TEMPL where PSEGID = #{value}
</select>
<select id="getAll" parameterType="long" resultType="rm.sys.pip.entity.PipTempl">
select * from PIP_TEMPL where rownum &lt; 300
<if test="value != null">order by ${value}</if>
</select>
<insert id="insert" parameterType="rm.sys.pip.entity.PipTempl">
insert into PIP_TEMPL (<include refid="fields"/>) values(
#{id}, #{pipetype}, #{psegid}, #{psegname}, #{remark}, #{restype})
</insert>
<update id="update" parameterType="rm.sys.pip.entity.PipTempl">
update PIP_TEMPL set
ID = #{id}, PIPETYPE = #{pipetype}, PSEGID = #{psegid}, PSEGNAME = #{psegname}, REMARK = #{remark}, RESTYPE = #{restype} where PSEGID = #{psegid}
</update>
<delete id="delete" parameterType="list">
delete from PIP_TEMPL where PSEGID in
<foreach item="item" index="index" collection="list"
	open="(" separator=", " close=")">#{item}</foreach>
</delete>
</mapper>
