<?xml version="1.0" encoding="UTF-8" ?>
<!-- generated at Wed Apr 16 09:52:34 CST 2014 -->
<!DOCTYPE mapper
    PUBLIC "-//mybatis.org//DTD Mapper 3.0//EN"
    "http://mybatis.org/dtd/mybatis-3-mapper.dtd">
<mapper namespace="rm.sys.entity.SysMgttemplateattrvalid">
<sql id="fields">
ENTITYMGTTEMPLATEATTRID, ERRORMESSAGE, ID, MAXMATCHRULE, MAXVALUE, MINMATCHRULE, MINVALUE, PATTERN, UNIFLAG, VALIDATORTYPE, WJC_FLAG
</sql>
<resultMap id="rm.sys.entity.SysMgttemplateattrvalidResultMap" type="rm.sys.entity.SysMgttemplateattrvalid">
<id property="id" column="ID"/>
<result property="wjcFlag" column="WJC_FLAG"/>
</resultMap>
<select id="get" parameterType="long" resultType="rm.sys.entity.SysMgttemplateattrvalid">
select * from SYS_MGTTEMPLATEATTRVALID where ID = #{value}
</select>
<select id="getAll" parameterType="long" resultType="rm.sys.entity.SysMgttemplateattrvalid">
select * from SYS_MGTTEMPLATEATTRVALID where rownum &lt; 300
<if test="value != null">order by ${value}</if>
</select>
<insert id="insert" parameterType="rm.sys.entity.SysMgttemplateattrvalid">
insert into SYS_MGTTEMPLATEATTRVALID (<include refid="fields"/>) values(
#{entitymgttemplateattrid}, #{errormessage}, #{id}, #{maxmatchrule}, #{maxvalue}, #{minmatchrule}, #{minvalue}, #{pattern}, #{uniflag}, #{validatortype}, #{wjcFlag})
</insert>
<update id="update" parameterType="rm.sys.entity.SysMgttemplateattrvalid">
update SYS_MGTTEMPLATEATTRVALID set
ENTITYMGTTEMPLATEATTRID = #{entitymgttemplateattrid}, ERRORMESSAGE = #{errormessage}, ID = #{id}, MAXMATCHRULE = #{maxmatchrule}, MAXVALUE = #{maxvalue}, MINMATCHRULE = #{minmatchrule}, MINVALUE = #{minvalue}, PATTERN = #{pattern}, UNIFLAG = #{uniflag}, VALIDATORTYPE = #{validatortype}, WJC_FLAG = #{wjcFlag} where ID = #{id}
</update>
<delete id="delete" parameterType="list">
delete from SYS_MGTTEMPLATEATTRVALID where ID in
<foreach item="item" index="index" collection="list"
	open="(" separator=", " close=")">#{item}</foreach>
</delete>
</mapper>
