<?xml version="1.0" encoding="UTF-8" ?>
<!-- generated at Wed Apr 16 09:52:33 CST 2014 -->
<!DOCTYPE mapper
    PUBLIC "-//mybatis.org//DTD Mapper 3.0//EN"
    "http://mybatis.org/dtd/mybatis-3-mapper.dtd">
<mapper namespace="rm.sys.entity.SysEntityspec">
<sql id="fields">
CLASSNAME, CODE, CORETABNAME, CTSEQUENCE, ETSEQUENCE, EXPATABNAME, FILTERCONDITION, ID, MAINTAININDICATOR, NAME, PARENTID, RESCLASS_RM, RESTYPE, WJC_FLAG
</sql>
<resultMap id="rm.sys.entity.SysEntityspecResultMap" type="rm.sys.entity.SysEntityspec">
<id property="id" column="ID"/>
<result property="resclassRm" column="RESCLASS_RM"/>
<result property="wjcFlag" column="WJC_FLAG"/>
</resultMap>
<select id="get" parameterType="long" resultType="rm.sys.entity.SysEntityspec">
select * from SYS_ENTITYSPEC where ID = #{value}
</select>
<select id="getAll" parameterType="long" resultType="rm.sys.entity.SysEntityspec">
select * from SYS_ENTITYSPEC where rownum &lt; 300
<if test="value != null">order by ${value}</if>
</select>
<insert id="insert" parameterType="rm.sys.entity.SysEntityspec">
insert into SYS_ENTITYSPEC (<include refid="fields"/>) values(
#{classname}, #{code}, #{coretabname}, #{ctsequence}, #{etsequence}, #{expatabname}, #{filtercondition}, #{id}, #{maintainindicator}, #{name}, #{parentid}, #{resclassRm}, #{restype}, #{wjcFlag})
</insert>
<update id="update" parameterType="rm.sys.entity.SysEntityspec">
update SYS_ENTITYSPEC set
CLASSNAME = #{classname}, CODE = #{code}, CORETABNAME = #{coretabname}, CTSEQUENCE = #{ctsequence}, ETSEQUENCE = #{etsequence}, EXPATABNAME = #{expatabname}, FILTERCONDITION = #{filtercondition}, ID = #{id}, MAINTAININDICATOR = #{maintainindicator}, NAME = #{name}, PARENTID = #{parentid}, RESCLASS_RM = #{resclassRm}, RESTYPE = #{restype}, WJC_FLAG = #{wjcFlag} where ID = #{id}
</update>
<delete id="delete" parameterType="list">
delete from SYS_ENTITYSPEC where ID in
<foreach item="item" index="index" collection="list"
	open="(" separator=", " close=")">#{item}</foreach>
</delete>
</mapper>
