<?xml version="1.0" encoding="UTF-8" ?>
<!-- generated at Wed Apr 16 09:52:35 CST 2014 -->
<!DOCTYPE mapper
    PUBLIC "-//mybatis.org//DTD Mapper 3.0//EN"
    "http://mybatis.org/dtd/mybatis-3-mapper.dtd">
<mapper namespace="rm.sys.pip.entity.LogicPnt">
<sql id="fields">
FACCODE, FACID, FACNO, FACTYPE, PNTID, SSCODE, SSFACID, SSTYPE, X, Y
</sql>
<resultMap id="rm.sys.pip.entity.LogicPntResultMap" type="rm.sys.pip.entity.LogicPnt">
<id property="pntid" column="PNTID"/>
</resultMap>
<select id="get" parameterType="long" resultType="rm.sys.pip.entity.LogicPnt">
select * from LOGIC_PNT where PNTID = #{value}
</select>
<select id="getAll" parameterType="long" resultType="rm.sys.pip.entity.LogicPnt">
select * from LOGIC_PNT where rownum &lt; 300
<if test="value != null">order by ${value}</if>
</select>
<insert id="insert" parameterType="rm.sys.pip.entity.LogicPnt">
<selectKey keyProperty="pntid" resultType="long" order="BEFORE">
select seq_LOGIC_PNT.nextval from dual
</selectKey>
insert into LOGIC_PNT (<include refid="fields"/>) values(
#{faccode}, #{facid}, #{facno}, #{factype}, #{pntid}, #{sscode}, #{ssfacid}, #{sstype}, #{x}, #{y})
</insert>
<update id="update" parameterType="rm.sys.pip.entity.LogicPnt">
update LOGIC_PNT set
FACCODE = #{faccode}, FACID = #{facid}, FACNO = #{facno}, FACTYPE = #{factype}, PNTID = #{pntid}, SSCODE = #{sscode}, SSFACID = #{ssfacid}, SSTYPE = #{sstype}, X = #{x}, Y = #{y} where PNTID = #{pntid}
</update>
<delete id="delete" parameterType="list">
delete from LOGIC_PNT where PNTID in
<foreach item="item" index="index" collection="list"
	open="(" separator=", " close=")">#{item}</foreach>
</delete>
</mapper>
