<?xml version="1.0" encoding="UTF-8" ?>
<!-- generated at Wed Apr 16 09:52:29 CST 2014 -->
<!DOCTYPE mapper
    PUBLIC "-//mybatis.org//DTD Mapper 3.0//EN"
    "http://mybatis.org/dtd/mybatis-3-mapper.dtd">
<mapper namespace="rm.sys.entity.SysActionFunction">
<sql id="fields">
ACTIONID, CALLTYPE, FURL, ID, PROCNAME, VERSION, WJC_FLAG
</sql>
<resultMap id="rm.sys.entity.SysActionFunctionResultMap" type="rm.sys.entity.SysActionFunction">
<id property="id" column="ID"/>
<result property="wjcFlag" column="WJC_FLAG"/>
</resultMap>
<select id="get" parameterType="long" resultType="rm.sys.entity.SysActionFunction">
select * from SYS_ACTION_FUNCTION where ID = #{value}
</select>
<select id="getAll" parameterType="long" resultType="rm.sys.entity.SysActionFunction">
select * from SYS_ACTION_FUNCTION where rownum &lt; 300
<if test="value != null">order by ${value}</if>
</select>
<insert id="insert" parameterType="rm.sys.entity.SysActionFunction">
insert into SYS_ACTION_FUNCTION (<include refid="fields"/>) values(
#{actionid}, #{calltype}, #{furl}, #{id}, #{procname}, #{version}, #{wjcFlag})
</insert>
<update id="update" parameterType="rm.sys.entity.SysActionFunction">
update SYS_ACTION_FUNCTION set
ACTIONID = #{actionid}, CALLTYPE = #{calltype}, FURL = #{furl}, ID = #{id}, PROCNAME = #{procname}, VERSION = #{version}, WJC_FLAG = #{wjcFlag} where ID = #{id}
</update>
<delete id="delete" parameterType="list">
delete from SYS_ACTION_FUNCTION where ID in
<foreach item="item" index="index" collection="list"
	open="(" separator=", " close=")">#{item}</foreach>
</delete>
</mapper>
